{
  "model_confidence": 0.25,
  "total_frames": 11024,
  "frames_with_detections": 7512,
  "detection_rate": 0.681422351233672,
  "total_detections": 7527,
  "average_detections_per_frame": 0.6827830188679245,
  "confidence_stats": {
    "mean": 0.8466421878399627,
    "min": 0.2509402334690094,
    "max": 0.9565728306770325,
    "std": 0.11592359141637355
  }
}