path,proposal,target,core_topic,confidence,reason,refs_need_update,load_bearing_refs,lines,last_changed,checked,batch
agents_todo/brief_chaser_schedule_importer.md,needs_decision,,,medium,Is the fixed_n_min_gap_v1 schedule importer still wanted now that intake is unified-H5 v2 (chaser core v2 contract is pinned)? Not implemented (no fixed_n_min_gap_v1/chaser_schedule in src); brief says start from stale `sun` and is blocked on a Citrus fixture.,,,146,2026-08-10,fixed_n_min_gap_v1 in src: missing; unified_h5/contracts/experimental_h5_core_chaser_v2.json: ok,other
docs/behavior_event_analysis_design_decision.md,needs_decision,,,low,"Accepted design (2026-07) on hierarchical experimental units and event products; is this still the governing analysis-inference policy, or superseded by docs/analytics cross-protocol behavior-space design?",,,658,2026-07-12,,top_a
docs/bout_morphology_collection_design_decision.md,needs_decision,,,medium,"Accepted design for cross-recording bout morphology collections but no implementation found in src (no bout collection writer); is this still planned, or archive as unbuilt design?",,,485,2026-07-17,bout morphology/collection writer in src: missing,top_a
docs/canonical_detection_storage_implementation_checklist.md,needs_decision,,,low,Says 'active' with 92 open items but untouched since 2026-07-27 and cited by zarr_detection_schema_inventory.py; is native-writer adoption still live work (keep as queue) or abandoned (archive + update the src string)?,,src/fisheye/diagnostics/zarr_detection_schema_inventory.py,950,2026-07-27,src/fisheye/diagnostics/zarr_detection_schema_inventory.py cites it: ok,top_a
docs/chaser_stimulus_camera_temporal_projection_audit_2026-08-20.md,needs_decision,,external_contracts,low,"Dated investigation, but its 'defensible current-recording policy' (native stimulus vs camera-frame projection, no exposure alignment possible) may still govern chaser analyses; is that policy captured elsewhere, or should it seed external_contracts (Citrus)?",,,446,2026-08-20,,top_a
docs/clipped_whole_detection_convergence_implementation_checklist.md,needs_decision,,,low,"Planning baseline (2026-07-27) with mostly unchecked phases for clipped/whole convergence; is this still the live plan, or superseded by production_dag_recording_layout_design.md?",,,489,2026-08-01,docs/production_dag_recording_layout_design.md: ok,top_a
docs/composable_chaser_analytics_implementation_checklist_2026-08-20.md,needs_decision,,,low,"1373-line partial implementation checklist with dated checkpoints, still updated 2026-08-27; is chaser composable migration still active work (keep as queue) or done enough to archive, with chaser_analysis_profile_design.md as owner?",,,1373,2026-08-27,chaser_behavior_full_v3: ok,top_a
docs/composable_stimulus_analysis_and_plot_recipes_design.md,needs_decision,,,low,"Accepted design with open decisions and phased checklist; is this the current owner of stimulus-selection/plot-recipe architecture, or superseded by chaser profile + analysis_workflow_dag?",,,539,2026-08-20,,top_a
docs/container_packaging_and_distribution_design.md,needs_decision,,,medium,"Active-design for ghcr palette-analytics image, but no container recipe exists in the repo; still pursuing containers, or archive?",,,257,2026-07-12,container recipe (Dockerfile/.def): missing; palette-analytics name in scripts/run_group_analytics_app.sh: ok,top_a
docs/core_behavior_paradigm_composition_authority_design_2026-09-03.md,needs_decision,,authority_acceptance,low,"Recent (2026-09-06) 1242-line accepted design with implementation partial and many dated canary checkpoints; is it the live owner of core-behavior authority/export composition? If yes, split decision from checkpoint log; if not, archive.",,,1242,2026-09-06,core authority roster code: ok,top_a
docs/crop_only_recording_storage_profile.md,needs_decision,,,medium,Future-design storage profile (crop_only_certified not in code) tied to the live storage-capacity crunch; keep as open design or archive until pursued?,,,365,2026-08-15,crop_only_certified: missing,top_a
docs/derived_analytics_storage_contract_audit_and_checklist_2026-08-03.md,needs_decision,,,low,1528-line 'active implementation checklist' last touched 2026-08-10; is this still a live queue (should it be in the AGENTS-named work queue?) or archive now that families have unpromoted candidates?,,,1528,2026-08-10,,top_a
docs/detect_decode_backend_benchmark_todo.md,needs_decision,,,low,"Perf TODO updated 2026-09-06 with real operator notes (resize_dims tensor pitfall); keep as live perf item, or move to the performance work queue and archive?",,,406,2026-09-06,fisheye.diagnostics.benchmark_video_decode: ok; fisheye.diagnostics.compare_detect_decode_backend_predictions: ok,top_a
docs/detection_storage_production_closure_checklist.md,needs_decision,,,low,"Claims to be 'current source of truth for production adoption' (2026-07-27) of canonical detection v1, while detection_publication_contract (2026-08-13) describes canonical-v3 publication; is this gate list closed/superseded (archive) or still open?",,,219,2026-07-28,build_native_canonical_detection_run_manifest: ok,top_a
docs/diagnostics/chaser_analytics_roadmap_2026-08-10.md,needs_decision,,,low,"Is the A0-A7 chaser analytics roadmap (specified-only, not tracked elsewhere) still the live science plan, or superseded by the validated_behavior composition designs? If live, move to docs/analytics/",,,723,2026-09-06,,diagnostics
docs/diagnostics/chaser_exact_full_gap_closure_implementation_checklist_2026-08-30.md,needs_decision,,,low,"1389-line checklist, 324 unchecked, last touched 08-31, cited by validated_behavior design docs: still being executed, or abandoned/superseded? If abandoned, archive",,,1389,2026-08-31,,diagnostics
docs/diagnostics/deferred_keypoint_publication_validation_optimization_2026-08-29.md,needs_decision,,,low,"Deferred keypoint receipt-backed publication optimization is tracked nowhere else (no inbound refs); keep as open item, add to a queue, or drop?",,,85,2026-08-29,,diagnostics
docs/diagnostics/source_of_truth_consolidation_plan_2026-08-25.md,needs_decision,,architecture_data_flow,low,"Queue says its section 4.7 ordered packages remain authoritative for RID-001 (in_progress); is that still true or has docs/design/2026-09-23-recording-identity superseded it? If superseded, archive",,,1371,2026-08-30,section 4.7 heading present: ok,diagnostics
docs/error_budget_policy_2026-08-11.md,needs_decision,,agent_coordination,medium,"Draft, implementation: specified-only; indicator check_import_profile not found in src. Is this tiered SLO policy adopted (keep as agent_coordination policy) or aspirational (archive)?",,,96,2026-08-12,check_import_profile: missing,top_b
docs/eye_angle_legacy_vergence_gaze_todo.md,needs_decision,,,medium,"2026-05 draft TODO; vergence_gaze_deg is still written/read in 5+ modules. Is quarantining/removing the legacy vergence_gaze family still planned, or should the TODO be archived and the caveat live only in eye_angle_variants.md?",,,157,2026-05-03,vergence_gaze_deg still in src: ok,top_b
docs/group_analytics_viewer_design.md,needs_decision,,,medium,"Describes stdlib serve_group_analytics_viewer (still in src) with /nvme1 export path. Is the stdlib viewer still maintained alongside the Marimo app, or should code+doc be retired?",,,140,2026-06-24,src/fisheye/utils/serve_group_analytics_viewer.py: ok; /nvme1 export root: stale,top_b
docs/keypoint_multi_skeleton_todo.md,needs_decision,,,low,Open multi-skeleton roadmap (7 doc refs). Is multi-skeleton support still planned? If yes keep one TODO (absorbing the training-selection TODO); if not archive both,,,224,2026-07-23,,top_b
docs/multicamera_3d_analysis_todo.md,needs_decision,,,low,"Planning-only TODO with 2026-09-02 timing addendum. Keep as future multi-camera roadmap, or fold timing addendum into docs/design/2026-09-23-recording-identity and archive?",,,284,2026-09-02,,top_b
docs/native_tensorrt_inference_todo.md,needs_decision,,,medium,"No Palette-owned TRT runtime exists (only onnx_to_tensorrt export). Is a native TensorRT backend still planned for realtime, or archive this TODO?",,,213,2026-06-16,native TRT runtime in src: missing,top_b
docs/operator_guide/test_data.md,needs_decision,,,medium,"Root /nvme1/palette_test_data no longer exists (per /nvme1 deletion) but scripts/run_shared_diagnostics_smoke.sh still uses PALETTE_TEST_DATA_ROOT: relocate shared test data to /groups and update, or retire both doc and script?",,,130,2026-04-17,/nvme1/palette_test_data: missing; scripts/run_shared_diagnostics_smoke.sh uses PALETTE_TEST_DATA_ROOT: ok,other
docs/raw_video_storage_tiering_proposal.md,needs_decision,,,medium,Open storage proposal tied to the /groups capacity crunch. Has a tiering/transcode decision been made? Keep as live proposal or archive?,,,624,2026-08-15,docs/crop_only_recording_storage_profile.md: ok,top_b
docs/stable_identity_incremental_materialization_decision.md,needs_decision,,architecture_data_flow,low,"Is this 920-line accepted copy-forward/reconciler decision (2026-07-18) still the plan, or superseded by docs/design/2026-09-24-row-scoped-staleness and manual_add_row_propagation_design?",,,920,2026-07-18,,top_c
docs/track_validity_timeline_design.md,needs_decision,,,low,Is a unified track validity timeline still planned? Only marimo overlays exist; otherwise archive.,,,437,2026-07-17,track_validity in src: only visualization/interactive_track_kinematics.py,top_c
docs/web_labeling_admin_correction_review_design.md,needs_decision,,,low,"Admin review tables appear implemented; update status and keep as spec, or archive?",,,452,2026-07-07,labeling_admin_reviews in src/fisheye/labeling/admin_registry.py: ok (contradicts 'not implemented'),top_c
docs/web_labeling_implementation_status.md,needs_decision,,,low,Code (web_handoff_files.py) prints this path into launch bundles; keep as the bundle-referenced status page (refresh) or retarget code to the runbook?,,src/fisheye/labeling/web_handoff_files.py; src/fisheye/labeling/web_handoff_inspection.py; src/fisheye/labeling/web_implementation_status.py; src/fisheye/labeling/web_launch_bundle_files.py; tests/unit/fisheye/test_labeling_assignment_store.py,464,2026-06-24,docs/web_labeling_launch_evidence_execution_checklist.md (linked): missing,top_c
docs/workflow_provenance_prior_art.md,needs_decision,,,medium,"Background reference (Nextflow/Snakemake comparison), not current behavior: keep outside core or archive?",,,601,2026-07-24,,top_c
docs/workload_aware_analysis_scheduling.md,needs_decision,,,low,Allocation tiers not found in code; is this an adopted policy (keep) or an unimplemented decision (archive)?,,,79,2026-07-20,row-tier CPU allocation in src: missing,top_c
docs/acquisition_crop_pose_training_workflow.md,merge,docs/training_data_workflow.md,,medium,Draft (2026-06) RedScare crop-video pose training workflow with open 'Orange confirmation needed'; useful facts belong in the training data workflow doc.,,,314,2026-06-28,derived/external_crop_recorder: ok,top_a
docs/activity_spatial_time_bins_export_contract_v1_2026-08-04.md,merge,NEW:stage_reference,stage_reference,medium,"Dated but describes the implemented activity_spatial_time_bins export schema; schema facts should move into a stage/export reference, benchmark evidence archived.",,,175,2026-08-04,activity_spatial_time_bins: ok,top_a
docs/analytics_atomic_copy_integrity_policy_2026-08-04.md,merge,docs/cluster_run_group_artifact_workflow.md,,medium,Short dated decision for atomic publisher content_checksum default; still-true rule belongs in the run-group publication doc.,,,60,2026-08-04,content_checksum_required_v1: ok,top_a
docs/analytics_export_runtime_telemetry_v1_2026-08-04.md,merge,docs/analysis_materializer_runtime_telemetry.md,,medium,Second telemetry schema doc (export side); one telemetry doc should own both schemas.,,,58,2026-08-04,palette.analytics_export.runtime_telemetry: ok,top_a
docs/bout_kinematics_compact_v2_layout.md,merge,docs/bout_kinematics_run_design.md,stage_reference,medium,Layout supplement for the same run family (compact_tabular_v2 default); one bout_kinematics doc should own design plus layout.,,,167,2026-07-17,compact_tabular_v2: ok,top_a
docs/chaser_chained_dependency_handles_2026-08-03.md,merge,docs/chaser_component_publication_contract_v1.md,,medium,47-line dated checkpoint about dependency-handle CLI flags; the rule belongs with the chaser component publication contract.,,,47,2026-08-03,--egocentric-dependency-handle-json: ok,top_a
docs/clipped_recording_consumer_mapping_contract.md,merge,docs/clipped_finalized_detect_collection_contract.md,data_model_store_layout,medium,"Older (2026-05, 'specified-only') two-clock frame mapping contract overlapping the finalized collection contract; parent vs clip-local clock rules should live in one clipped contract.",,,344,2026-08-16,recording_frame_index.parquet: ok,top_a
docs/clipped_training_zarr_implementation_checklist.md,merge,docs/training_data_workflow.md,,medium,"May-2026 working checklist; CLI fisheye.utils.create_clipped_training_zarr exists, so usage belongs in the training workflow doc and checklist archived.",,,423,2026-05-20,fisheye.utils.create_clipped_training_zarr: ok; source_frame_index.parquet: ok,top_a
docs/coordinate_catalog_crimson_handoff.md,merge,docs/coordinate_metadata_framework.md,,medium,"Dated handoff for the persisted coordinate catalog; the schema facts belong in the coordinate framework doc, Crimson-pending status in a queue.",,,109,2026-07-28,palette.persisted_coordinate_catalog: ok,top_a
docs/crimson_detect_bbox_read_contract.md,merge,NEW:external_contracts,external_contracts,medium,Palette-side mirror of the external agent-contracts Crimson detect read contract (12 inbound); Crimson read mirrors should collapse into one external-contracts doc pointing at agent-contracts.,,,203,2026-08-16,agent-contracts/palette-crimson in repo: missing (external repo); latest_complete selector: ok,top_a
docs/crimson_stimulus_step_read_contract.md,merge,NEW:external_contracts,external_contracts,low,Crimson stimulus-step read surface (2026-05); still plausible but should live in one Crimson read-contract doc; its 'latest' fallback/stale-consolidated advice may conflict with consolidated metadata policy.,,,230,2026-05-05,,top_a
docs/crimson_swim_bout_compact_v2_read_contract.md,merge,docs/crimson_track_motion_read_contract.md,external_contracts,medium,Swim-bout compact-v2 Crimson read handoff largely restated by the track-motion read contract (which covers swim_bout_runs and bout_kinematics).,,,303,2026-07-17,frame_axis_contract: ok; --frame-axis-storage: ok,top_a
docs/crop_review_workflow.md,merge,docs/operator_guide/tuning_and_masks.md,operator_guide,low,"Short how-to for crop review tools that exist; belongs with operator-guide review docs (uses /nvme1 path, now stale per store layout).",,,66,2026-05-28,fisheye.visualization.visualize_crops: ok; fisheye.utils.review_crops: ok,top_a
docs/cross_recording_analytics_baseline_behavior_summary_arrow_contract_2026-08-03.md,merge,docs/cross_recording_analytics_export_design.md,,medium,"One of ~10 per-table exact-Arrow checkpoints; code (analytics_exports/arrow_contracts.py) owns field lists, export design doc should keep a single table index.",,,204,2026-08-03,schema namespace palette.analytics_export.arrow_table in arrow_contract_core.py: ok,top_a
docs/cross_recording_analytics_baseline_samples_arrow_contract_2026-08-03.md,merge,docs/cross_recording_analytics_export_design.md,,medium,Per-table exact-Arrow checkpoint; same cluster as other arrow contract docs.,,,178,2026-08-03,,top_a
docs/cross_recording_analytics_baseline_time_bins_arrow_contract_2026-08-03.md,merge,docs/cross_recording_analytics_export_design.md,,medium,Per-table exact-Arrow checkpoint; same cluster.,,,175,2026-08-03,,top_a
docs/cross_recording_analytics_recording_summary_arrow_contract_2026-08-03.md,merge,docs/cross_recording_analytics_export_design.md,,medium,Per-table exact-Arrow checkpoint; same cluster.,,,122,2026-08-03,,top_a
docs/cross_recording_analytics_stimulus_step_summary_arrow_contract_2026-08-03.md,merge,docs/cross_recording_analytics_export_design.md,,medium,Per-table exact-Arrow checkpoint with agent lane/worktree metadata; same cluster.,,,242,2026-08-03,,top_a
docs/cross_recording_analytics_stimulus_steps_arrow_contract_2026-08-03.md,merge,docs/cross_recording_analytics_export_design.md,,medium,Per-table exact-Arrow checkpoint with agent lane/worktree metadata; same cluster.,,,254,2026-08-03,src/fisheye/analytics_exports/arrow_contracts.py: ok,top_a
docs/cross_recording_chaser_arrow_contracts_2026-08-04.md,merge,docs/cross_recording_analytics_export_design.md,,medium,"Final exact-Arrow checkpoint (all 34 tables exact; chaser export authority set); its lasting rule (palette.chaser_export_authority_set.v1, no latest fallback) belongs in the export design doc.",,,123,2026-08-04,palette.chaser_export_authority_set.v1: ok,top_a
docs/derived_analytics_companion_exact_schemas_2026-08-03.md,merge,docs/bout_classification_runs_contract.md,,medium,Dated exact-schema checkpoint for bout_classification v2 and tail_posture v3; schema facts belong in the family contracts.,,,96,2026-08-03,category_label_bytes: ok,top_a
docs/derived_strategy_training_arrow_contracts_2026-08-04.md,merge,docs/baseline_behavior_strategy_analytics.md,,medium,Dated Arrow v2 checkpoint for baseline-strategy and training-response Parquet; table list belongs in the family docs.,,,100,2026-08-04,training_response_features: ok,top_a
docs/detect_pynvvc_per_frame_sync_todo.md,merge,docs/detect_decode_backend_benchmark_todo.md,,medium,Open 2026-06 perf TODO on the same detect decode path; one detect-decode perf doc/queue entry should own it.,,,114,2026-06-16,_read_and_preprocess_pynvvc_batch: ok,top_a
docs/detection_analysis_run_surfaces.md,merge,docs/derived_analysis_run_contract.md,,low,"Draft (2026-06) naming of detection analysis families (detection_profile_runs, stimulus_epoch_runs, occupancy); fits the derived-analysis run contract/storage matrix.",,,232,2026-06-21,detection_profile_runs: ok,top_a
docs/detection_artifact_and_canonical_publication_boundary.md,merge,docs/detection_publication_contract.md,authority_acceptance,medium,Accepted decision (detection_artifact_runs vs detect_runs) that the shorter authoritative publication contract should own.,,,182,2026-08-15,detection_artifact_runs: ok,top_a
docs/detection_storage_profile_promotion_2026-07-27.md,merge,docs/detection_publication_contract.md,,medium,"Dated decision naming detection_published_access_aware_v1 as default profile (in code); one line belongs in the publication contract, rest archived.",,,117,2026-07-27,detection_published_access_aware_v1: ok,top_a
docs/diagnostics/acquisition_crop_video_integration_2026-06-17.md,merge,docs/acquisition_video_stream_source_policy.md,external_contracts,medium,Orange runtime crop-video intake facts still true (external_crop_recorder in 13 src files) but dated diagnostic; fold into stream source policy,,,195,2026-06-25,external_crop_recorder: ok,diagnostics
docs/diagnostics/acquisition_handoff_optics_2026-07-25.md,merge,docs/diagnostics/rig_characterization_2026-07-24.md,,high,Self-described summary brief of rig_characterization; duplicate,,,264,2026-08-01,,diagnostics
docs/diagnostics/chaser_body_frame_projection_gap_2026-08-27.md,merge,docs/body_frame_contract.md,stage_reference,medium,Durable decision: missing-source-row vs present-but-invalid-axis must stay distinct; belongs with body-frame contract,,,191,2026-08-27,axis_valid in body_frame_contract.md: ok,diagnostics
docs/diagnostics/chaser_near_field_denominator_contract_2026-08-10.md,merge,docs/chaser_component_publication_contract_v1.md,stage_reference,medium,Live contract (near_field_occupancy.v2 denominator) implemented in code but only documented here; fold into chaser component contract,,,84,2026-08-10,valid_tracked_observed_transitions_v2: ok; near_zone_valid_tracked_duration_s: ok (10 files),diagnostics
docs/diagnostics/crop_contract_split_audit_2026-08-24.md,merge,docs/crop_geometry_storage_contract_v1.md,data_model_store_layout,medium,"Queue names it the crop-profile decision record (RES-CROP-001 open); decision belongs in crop contract, audit body archive",,,376,2026-08-30,,diagnostics
docs/diagnostics/crop_video_bbox_coordinate_contract_2026-06-28.md,merge,NEW:data_model_store_layout,data_model_store_layout,medium,"bbox_norm_coords = full-frame-normalized cx,cy,w,h is a core fact; design note otherwise dated",,,318,2026-06-28,bbox_norm_coords: ok,diagnostics
docs/diagnostics/goodbatbadbat_subject_identity_reuse_2026-08-18.md,merge,docs/subject_metadata_identity_corrections.md,,low,Incident with no production correction applied; correction should live with subject identity corrections,,,152,2026-08-18,,diagnostics
docs/diagnostics/pixel_contract_audit_2026-06-05.md,merge,docs/video_pixel_model_input_contract.md,,medium,Pixel decode audit; contract doc already cites it; fold remaining checklist item there,,,784,2026-06-14,pynvvc_nv12_rgb: ok (15 files),diagnostics
docs/diagnostics/tensorrt_export_realtime_context_2026-07-05.md,merge,docs/native_tensorrt_inference_todo.md,,medium,Load-bearing decision rule (TRT export serves realtime closed-loop acquisition; do not delete) not stated in the TRT doc,,,79,2026-07-23,tensorrt_models: ok; src/fisheye/training/export_detection.py tensorrt: ok,diagnostics
docs/dish_mask_batch_review.md,merge,docs/operator_guide/tuning_and_masks.md,operator_guide,low,"Operator how-to for dish mask batch apply/review; modules exist, but uses /nvme1 paths and overlaps arena-geometry DAG (dish mask vs arena geometry ownership).",,,119,2026-06-16,fisheye.utils.apply_dish_mask_by_chamber: ok; fisheye.utils.review_dish_masks: ok,top_a
docs/experiment_types_reference.md,merge,NEW:external_contracts,external_contracts,medium,"Citrus stimulus-mode/protocol catalog useful, but counts are a 2026-05 snapshot (114 recordings, 2 protocols); fold enum catalog into Citrus contract doc",yes,src/fisheye/shared/citrus_enums.py,157,2026-05-20,src/fisheye/registry/db.py: ok; src/fisheye/docs/citrus_data_structure_documentation.md: ok,top_b
docs/eye_angle_compact_v2_design.md,merge,src/fisheye/docs/eye_angle_conventions.md,stage_reference,medium,"Accepted, landed layout migration (writer default since 2026-05); storage facts belong with the eye-angle storage contract",,,264,2026-08-03,compact_dense_v2: ok (9 files),top_b
docs/eye_angle_physical_layout.md,merge,src/fisheye/docs/eye_angle_conventions.md,stage_reference,medium,"Production column-order profile + benchmark; profile fact should live with the eye-angle storage contract, benchmark is history",,,123,2026-07-17,semantic_bundles_v1: ok,top_b
docs/fileglancer_marimo_integration_design.md,merge,docs/marimo_explorer_architecture.md,,medium,Design decision (FileGlancer service app) is implemented via runnables.yaml; keep decision summary in explorer architecture,,,377,2026-07-17,runnables.yaml: ok,top_b
docs/frame_domains_resolver_design.md,merge,NEW:data_model_store_layout,data_model_store_layout,medium,Approved design now implemented in shared/frame_domains.py; census/migration is history but the frame-domain/row-axis vocabulary is core data-model material,,,389,2026-07-25,src/fisheye/shared/frame_domains.py FrameDomains: ok,top_b
docs/geometry_only_crop_workflow_cache_design.md,merge,NEW:stage_reference,stage_reference,low,"1135-line June design; core policy (geometry-only + materialized coexistence, ROI caches) is live, but flat binary cache etc. not found; distill crop policy into stage reference, archive rest",,,1135,2026-07-25,roi_cache: ok; flat binary ROI cache: missing,top_b
docs/git_worktrees_guide.md,merge,NEW:agent_coordination,agent_coordination,medium,Useful worktree safety guide but uses `sun` as main branch (repo now uses main); fold into agent coordination doc,,,150,2026-07-24,scripts/deploy_palette_cluster_worktree.sh: ok; branch name sun: stale,top_b
docs/goodbatbadbat_position_provider_default_recommendation_2026-08-23.md,merge,docs/position_body_frame_and_motion_provider_design.md,stage_reference,medium,Accepted decision record (detection_bbox_centroid.v1 stays default); belongs in the provider design's decisions,,,140,2026-08-23,detection_bbox_centroid.v1: ok,top_b
docs/group_analytics_marimo_application_design.md,merge,docs/marimo_explorer_architecture.md,,medium,Active-design for the group app; explorer architecture already links it as spec; merge decisions there,,,518,2026-07-12,apps/marimo/group_analytics_explorer.py: ok,top_b
docs/inference_accelerator_provenance_2026-07-31.md,merge,docs/provenance_contract_draft.md,data_model_store_layout,medium,Implemented palette.accelerator_runtime provenance decision; belongs in the provenance contract,,,179,2026-08-11,palette.accelerator_runtime in shared/system_metadata.py: ok,top_b
docs/keypoint_merged_row_gate_contract.md,merge,docs/keypoint_training_workflow.md,stage_reference,medium,45-line row-gate rule for merged pose exports; belongs in the training workflow,,,45,2026-08-16,usable_keypoints: ok,top_b
docs/keypoint_multi_skeleton_training_selection_todo.md,merge,docs/keypoint_multi_skeleton_todo.md,,medium,"Same goal as multi_skeleton_todo, scoped to training",,,210,2026-07-23,,top_b
docs/keypoint_quality_registry_workflow.md,merge,docs/keypoint_training_workflow.md,operator_guide,medium,Operator workflow for quality rows/SQL gates; all 7 cited modules exist; same audience as training workflow,,,175,2026-04-12,fisheye.utils.review_keypoints_batch: ok; fisheye.utils.export_keypoint_quality_overview: ok,top_b
docs/keypoint_retune_notes.md,merge,docs/keypoint_review_policy.md,,medium,Short note on retune mode; fits review policy,,,66,2026-07-15,src/fisheye/tune/keypoint_tuner.py: ok; retune_id: ok,top_b
docs/marimo_pair_recording_workspace.md,merge,docs/palette_analytics_app_deployment.md,operator_guide,medium,Launch/authority notes for one pixi task; deployment doc already has the section,,,123,2026-07-13,scripts/run_recording_exploration_workspace.sh: ok,top_b
docs/marimo_pair_zarr_workspace.md,merge,docs/palette_analytics_app_deployment.md,operator_guide,medium,Launch/usage of zarr-workspace pixi task; same owner,,,335,2026-07-16,apps/marimo/zarr_exploration_workspace.py: ok,top_b
docs/mask_review_save_approval_policy.md,merge,docs/refined_subject_masks_runs_contract.md,authority_acceptance,medium,2026-04 policy with legacy eye-mask sections (eye_mask_review module gone); subject-mask save/apply semantics now in the runs contract,,,281,2026-06-28,fisheye.tune.eye_mask_review: missing,top_b
docs/mask_rle_storage_design_and_benchmark_plan.md,merge,docs/refined_subject_masks_runs_contract.md,stage_reference,medium,"Compact storage implemented (mask_bitpacked/mask_rle); keep schema facts in runs contract, archive benchmark plan",,,1104,2026-07-23,mask_bitpacked: ok (17 files),top_b
docs/model_export_registry.md,merge,NEW:data_model_store_layout,data_model_store_layout,low,Registry model-table design notes (onnx/tensorrt/deployment artifacts exist); fold current table shape into data-model doc,,,269,2026-05-21,model_deployment_artifacts in registry/db.py: ok,top_b
docs/model_input_shape_registry_design.md,merge,NEW:data_model_store_layout,data_model_store_layout,low,Same registry model-table area as model_export_registry,,,239,2026-05-14,imgsz resolution in registry/db.py: ok,top_b
docs/palette_cli_narrow_waist_design.md,merge,NEW:how_to_run,how_to_run,medium,"Proposed design partly implemented (palette status/plan/artifacts/detect/crop/keypoints/approve, next_hints); verb set belongs in how-to-run",,,384,2026-07-04,src/fisheye/cli/palette.py subcommands: ok; next_hints: ok,top_b
docs/provider_chaser_position_suite_storage_contract.md,merge,docs/position_body_frame_and_motion_provider_design.md,stage_reference,low,Small implemented selector-ineligible storage contract within the provider family,,,118,2026-08-23,palette.analysis.provider_chaser_position_suite: ok,top_b
docs/recording_registry_normalization_todo.md,merge,NEW:data_model_store_layout,data_model_store_layout,medium,"1120-line Feb-era registry TODO; mostly done phases; distill registry entity model, archive rest",,,1120,2026-07-24,fisheye.registry.maintenance._check_registry_integrity: missing (moved),top_b
docs/refined_detect_collapse_v2.md,merge,docs/refined_detect_sparse_instances_schema.md,stage_reference,medium,Short 2026-04 contract note superseded by the sparse instances schema,,,109,2026-06-27,,top_b
docs/refined_detect_row_identity_contract.md,merge,docs/refined_detect_sparse_instances_schema.md,stage_reference,medium,Row-identity rules for the same family; one owner,,,125,2026-08-16,refined_row_ids: ok,top_b
docs/refined_subject_mask_geometry_cache_and_propagation_design.md,merge,docs/refined_subject_masks_runs_contract.md,stage_reference,low,June draft on contour cache/edit propagation; runs contract already delegates to it,,,675,2026-06-21,,top_b
docs/refined_subject_mask_smart_finalizer_design.md,merge,docs/refined_subject_masks_runs_contract.md,stage_reference,medium,Finalizer implemented in finalize_subject_masks.py; component policies belong in runs contract,,,508,2026-07-23,src/fisheye/refinement/finalize_subject_masks.py: ok,top_b
docs/registered_dish_geometry_operator_review_handoff.md,merge,docs/geometry_review_web_operations.md,operator_guide,medium,Operator handoff for the same review workflow,,,132,2026-08-13,,top_b
docs/registry_repair_playbook.md,merge,NEW:operator_guide,operator_guide,medium,"701 lines, mostly one-time rename/dataset-ID re-key phases A-D and /nvme1 legacy repairs; keep backup/prune/integrity steps in an operator guide, archive the re-key runbook.",,,701,2026-08-21,fisheye.registry.prune_stale_datasets: ok,top_c
docs/repo_wide_staleness_policy.md,merge,docs/design/2026-09-24-row-scoped-staleness/README.md,authority_acceptance,medium,"Principles (immutable runs, preserve curated work, missing vs stale) belong with the accepted row-scoped staleness design; doc still says draft 2026-04 and links a missing TODO.",,,360,2026-07-23,docs/design/2026-09-24-row-scoped-staleness/README.md: ok (accepted),top_c
docs/sampled_training_detection_contract_20260806.md,merge,docs/sampled_training_detection_source_contract.md,stage_reference,low,Dated decision for sampled-training detect_runs; fold into the sampled-detection source contract so one doc owns sampled training detections.,,,161,2026-08-09,detect_runs sampled-training contract text only,top_c
docs/shared_zarr_schema_catalog_design.md,merge,NEW:data_model_store_layout,data_model_store_layout,medium,One of four overlapping Zarr storage/schema docs; logical-vs-physical schema split should live in one store-layout doc.,,,308,2026-07-29,fisheye.diagnostics.zarr_storage_census: ok,top_c
docs/shared_zarr_storage_benchmark_contract.md,merge,NEW:data_model_store_layout,,low,Benchmark contract for StoragePlan; overlaps storage policy design.,,,278,2026-07-24,StoragePlan in src: ok,top_c
docs/shared_zarr_storage_policy_design.md,merge,NEW:data_model_store_layout,data_model_store_layout,medium,Status proposed but StoragePlan is widely implemented; fold into the store-layout core doc.,,,528,2026-07-28,StoragePlan in src: ok (62 files),top_c
docs/single_subject_per_arena_tracking_contract.md,merge,docs/tracking_runs_contract_status.md,stage_reference,medium,March contract for the implemented tracking method; tracking_runs_contract_status already documents it as built.,,,341,2026-07-09,src/fisheye/tracking/single_subject_per_arena.py: ok,top_c
docs/source_video_metadata_migration.md,merge,docs/source_video_metadata_contract.md,,medium,Migration phases for the same schema; keep remaining phase 3 note in the contract.,,,129,2026-07-17,,top_c
docs/stage_catalog_design.md,merge,NEW:architecture_data_flow,architecture_data_flow,medium,May design for stage vocabulary; catalog now exists and is enforced; one paragraph belongs in architecture doc.,,,208,2026-06-27,src/fisheye/registry/stage_catalog.py: ok,top_c
docs/stage_catalog_reality_gaps.md,merge,NEW:architecture_data_flow,architecture_data_flow,medium,"Running gap list, most entries DONE/RECONCILED; keep remaining open gaps in the architecture doc.",,,91,2026-07-03,tests/unit/fisheye/test_stage_catalog_drift.py referenced;  registry/stage_catalog.py: ok,top_c
docs/stimulus_response_analysis_flow.md,merge,docs/stimulus_response_run_design.md,architecture_data_flow,medium,Overlapping stimulus-response explainer; its stage mermaid diagram is good architecture_data_flow seed.,,,279,2026-07-23,,top_c
docs/stimulus_response_compact_v2_design.md,merge,docs/stimulus_response_run_design.md,,medium,Compact-v2 is the production layout per v3 doc; layout section belongs in the run design owner.,,,280,2026-05-11,,top_c
docs/stimulus_response_compact_v3_contract.md,merge,docs/stimulus_response_run_design.md,,medium,Opt-in v3 checkpoint; fold the layout/version note into the run design.,,,229,2026-08-03,fisheye.shared.zarr.stimulus_response_schema: ok; compact_tabular_v3 in src: ok,top_c
docs/stimulus_response_data_model.md,merge,docs/stimulus_response_run_design.md,,medium,Step-first rationale duplicates run design.,,,204,2026-07-23,,top_c
docs/subject_mask_provenance_contract_hardening_2026-08-05.md,merge,docs/subject_mask_runs_contract.md,authority_acceptance,medium,Coordinate core v4 evidence requirements supersede v3 doc; contract rule belongs in the runs contract.,,,121,2026-08-09,,top_c
docs/subject_mask_sampled_contour_publication_2026-08-01.md,merge,docs/refined_subject_masks_runs_contract.md,,medium,Sampled-contour presentation surface rule should live with refined-mask contract.,,,172,2026-08-11,,top_c
docs/subject_shape_landmark_conventions.md,merge,docs/subject_shape_runs_contract.md,stage_reference,medium,Landmark naming belongs with subject_shape_runs contract.,,,415,2026-07-23,,top_c
docs/subject_shape_recording_bundle_publication_2026-08-10.md,merge,docs/subject_shape_runs_contract.md,,medium,Bundle-consumption rule should be in the shape contract.,,,135,2026-08-25,,top_c
docs/subject_shape_snout_centerline_workflow.md,merge,docs/subject_shape_runs_contract.md,operator_guide,medium,Runbook view of same product; merge running steps into the contract or operator guide.,,,328,2026-06-21,,top_c
docs/swim_bladder_review_policy.md,merge,docs/refined_subject_masks_runs_contract.md,,medium,"Canary-era operator heuristics; belongs in mask review policy. (target resolved past mask_review_save_approval_policy, which also merges here)",,,196,2026-04-15,,top_c
docs/task_specific_merged_keypoint_training_v3_20260807.md,merge,docs/keypoint_training_workflow.md,,medium,Merged-training source contract belongs in the keypoint training workflow.,,,153,2026-08-09,,top_c
docs/todo_calibration_unification.md,merge,docs/stimulus_coordinate_contract.md,,medium,Small open TODO about two calibration surfaces; belongs with stimulus coordinate contract.,,,24,2026-06-16,legacy_texture_to_camera_transform in src: ok,top_c
docs/track_identity_target_architecture.md,merge,docs/instance_track_subject_identity_contract.md,stage_reference,high,Self-declares that the identity contract is authoritative; keep only rationale.,,,498,2026-07-19,docs/instance_track_subject_identity_contract.md: ok,top_c
docs/tracking_unassigned_row_policy.md,merge,docs/tracking_runs_contract_status.md,,medium,"March policy; QA state model not implemented; keep the rule, drop the plan.",,,224,2026-03-28,QA state model tokens in src: missing,top_c
docs/training_crop_materialization_providers_20260805.md,merge,docs/training_data_workflow.md,,medium,Provider contract checkpoint; durable part belongs in training workflow.,,,319,2026-08-09,,top_c
docs/training_head_anchored_tail_geometry.md,merge,docs/design/2026-09-26-head-anchored-upgrade-scope/README.md,,medium,Own banner says ordinary Apply now selects head-anchored; targeted recipe is residual.,,,81,2026-09-26,docs/design/2026-09-26-head-anchored-upgrade-scope: ok,top_c
docs/validated_behavior_chaser_appearance_export_successor_2026-09-01.md,merge,docs/validated_behavior_cohort_export_implementation_design_2026-08-31.md,,medium,Successor increment of the cohort export.,,,269,2026-09-02,,top_c
docs/validated_behavior_distribution_successor_2026-09-02.md,merge,docs/validated_behavior_cohort_export_implementation_design_2026-08-31.md,,medium,Successor increment.,,,335,2026-09-02,,top_c
docs/validated_behavior_product_catalog_successor_2026-09-03.md,merge,docs/validated_behavior_cohort_export_implementation_design_2026-08-31.md,,medium,Successor increment.,,,205,2026-09-03,fisheye.analytics_exports.validated_behavior_product_catalog: ok,top_c
docs/validated_recording_behavior_composition_design_2026-08-31.md,merge,docs/validated_behavior_cohort_export_implementation_design_2026-08-31.md,,low,Parent composition design; overlaps cohort export design.,,,697,2026-08-31,,top_c
docs/web_labeling_campus_invite_auth_direction.md,merge,docs/web_labeling_production_decision_record.md,,medium,Auth direction belongs in decision record.,,,147,2026-06-28,invite links in src: ok,top_c
docs/web_labeling_deployment_examples.md,merge,docs/web_labeling_deployment_runbook.md,operator_guide,medium,Template wrappers; listed in web_labeling_implementation_manifest.json.,yes,docs/web_labeling_implementation_manifest.json,162,2026-06-24,,top_c
docs/web_labeling_validation_log_template.md,merge,docs/web_labeling_deployment_runbook.md,,medium,Template belongs as runbook appendix.,,,262,2026-06-24,,top_c
docs/zarr_run_completion_strict_mode_todo.md,merge,docs/zarr_run_completion_contract.md,,medium,Epoch enforcement landed; residual backfill phase belongs in contract or work queue.,,,755,2026-08-16,palette_store_epoch in shared/zarr_run_completion.py: ok,top_c
docs/zarr_storage_lifecycle_policy.md,merge,NEW:data_model_store_layout,data_model_store_layout,medium,Scratch/online/archive modes are core store-layout material; measurements from 2026-04 are stale.,,,522,2026-08-03,,top_c
src/fisheye/docs/detection_structure.md,merge,src/fisheye/docs/zarr_structure.md,data_model_store_layout,medium,May 2026 detect_runs layout note with 2025 example and plain `latest` attr picking; zarr_structure.md's detect_runs section owns this.,,,162,2026-05-01,zarr_structure.md ## detect_runs/: ok,other
src/fisheye/docs/provenance_workflow.md,merge,docs/current_pipeline_contract.md,architecture_data_flow,medium,Self-declares current_pipeline_contract.md as the active contract; still cites deleted refine_eye_masks/eye_segmentation/eye_mask_review; stage-overview and rerun-dependents content should fold into the contract/stage reference.,,,254,2026-08-03,fisheye.refinement.refine_eye_masks: missing; fisheye.tune.eye_mask_review: missing; docs/current_pipeline_contract.md: ok,other
src/fisheye/docs/refinement.md,merge,src/fisheye/docs/detection.md,stage_reference,medium,Short detect-refinement overview (sparse instances/source_detections) overlaps detection.md; its Eye Mask Refinement section is legacy.,,,84,2026-05-14,fisheye.refinement.refine_detect: ok,other
CRIMSON_DATA_FORMATS.md,archive,,,high,2025-08 description of the Crimson app's H5 + Zarr v2 (.zarray) detection layout; superseded by zarr_structure.md and the unified H5 contracts; no inbound refs.,,,167,2025-08-22,.zarray v2 layout vs Palette Zarr v3: stale,other
agents_todo/brief_architecture_review_wave_1.md,archive,,,high,"Own banner says historical proposal, never integrated, do not execute; superseded by the 2026-09-05 second opinion/landing handoff.",,,296,2026-09-06,,other
agents_todo/brief_curation_instance_keys.md,archive,,,high,Completed: mint_manual_curation_instance_keys exists and is imported by refined_detect_curation.py.,,,90,2026-07-04,mint_manual_curation_instance_keys: ok,other
agents_todo/brief_detect_pointer_retirement.md,archive,,,high,July commander brief against `sun`; writer retirement done (later briefs call it the completed predecessor).,,,90,2026-07-04,detect_review_status_latest residual refs in src: 13 (reader fallback/migration only),other
agents_todo/brief_detect_review_pointer_cleanup.md,archive,,,high,July census+decision-memo brief; superseded by the 07-07 reader-retirement brief; reads /nvme1 which is gone.,,,129,2026-07-17,,other
agents_todo/brief_detect_review_reader_retirement.md,archive,,,medium,"July slice brief against `sun`; point-in-time dispatch order, work landed or moot.",,,98,2026-07-17,detect_review_status_latest in src: 13 refs remain (compat),other
agents_todo/brief_frame_domains_design.md,archive,,,high,Design-phase brief; design doc and resolver exist (shared/frame_domains.py).,,,108,2026-07-17,src/fisheye/shared/frame_domains.py: ok,other
agents_todo/brief_frame_domains_hotpath_consumers.md,archive,,,medium,July consumer-migration brief; FrameDomains landed; dispatch doc only.,,,125,2026-07-23,shared/frame_domains.py: ok,other
agents_todo/brief_frame_domains_impl.md,archive,,,high,Implementation slice 1 landed (shared/frame_domains.py).,,,84,2026-07-05,src/fisheye/shared/frame_domains.py: ok,other
agents_todo/brief_frame_domains_vectorized_resolver.md,archive,,,high,Landed per hotpath brief (vectorized resolver at 9ee35e9).,,,91,2026-07-23,shared/frame_domains.py: ok,other
agents_todo/brief_inventory_accessor_verb_port.md,archive,,,high,Landed: Recording.artifact_inventory() exists; HANDOFF memory records accessor landed.,,,113,2026-07-05,Recording.artifact_inventory in shared/recording.py: ok,other
agents_todo/brief_mechanical_wave_2026-07-05.md,archive,,,high,"Dated wave brief; slices A+B landed per July handoff, C superseded by frame-domains briefs.",,,162,2026-07-17,,other
agents_todo/brief_promotion_authority.md,archive,,,medium,July HOLD brief for one slice of pointer retirement; point-in-time.,,,67,2026-07-05,,other
agents_todo/brief_provenance_content_hashes.md,archive,,,medium,Landed per July handoff (Finding 3 CLOSED); dispatch brief.,,,184,2026-07-17,shared/run_provenance.py sha256_payload/config_hash: ok,other
agents_todo/brief_registry_reconcile.md,archive,,,high,Landed: reconcile_dataset_from_root and shared/subject_mask_profile.py exist.,,,112,2026-07-23,reconcile_dataset_from_root: ok; src/fisheye/shared/subject_mask_profile.py: ok,other
agents_todo/brief_registry_reconcile_root_sweep.md,archive,,,high,Landed: src/fisheye/registry/reconcile_sweep.py.,,,107,2026-07-23,registry/reconcile_sweep.py: ok,other
agents_todo/brief_registry_stale_rows_cleanup.md,archive,,,medium,Landed: registry/prune_stale_datasets.py.,,,106,2026-07-17,src/fisheye/registry/prune_stale_datasets.py: ok,other
agents_todo/brief_registry_temp_store_guard.md,archive,,,high,Landed: src/fisheye/registry/temp_store_guard.py.,,,90,2026-07-17,registry/temp_store_guard.py: ok,other
agents_todo/brief_review_remediation_wave_2026-07-05.md,archive,,,high,Dated remediation wave for the 07-01 review; closed per July handoff.,,,169,2026-07-17,,other
agents_todo/brief_review_wave_handoff_2026-09-04.md,archive,,,high,"Own banner: historical handoff, disputed, not an executable work order.",,,132,2026-09-06,,other
agents_todo/brief_utils_phase2.md,archive,,,medium,July brief for utils Phase 2 against `sun` with HANDOFF_2026-07-04; point-in-time.,,,91,2026-07-04,,other
agents_todo/registry_query_since_filter.md,archive,,,high,Completed: --since exists in registry/query.py (add_clause d.created_utc >= ?).,yes,tests/unit/fisheye/test_registry_query_cli.py,48,2026-03-05,--since in src/fisheye/registry/query.py: ok,other
docs/acquisition_crop_video_roi_provider_plan.md,archive,,,medium,Design plan with unchecked phase checklist from 2026-06-29 RedScare state; superseded for production by goodbatbadbat crop-stream checklist and source policy.,,,591,2026-08-15,,top_a
docs/activity_spatial_representative_short_contract_2026-08-04.md,archive,,,high,"Dated benchmark checkpoint (representative-short matrix evidence); point-in-time evidence, no inbound load-bearing refs.",,,158,2026-08-04,representative_short: ok,top_a
docs/analysis_array_byte_planning_adapter_2026-08-03.md,archive,,,medium,Dated checkpoint for analysis_storage_planning adapter with an unchecked later-adoption checklist; code docstrings own the API.,,,90,2026-08-03,fisheye.shared.zarr.analysis_storage_planning: ok,top_a
docs/analysis_writer_compact_layout_inventory.md,archive,,,medium,"Draft migration inventory last_updated 2026-05-11 with completed default switches; status snapshot, storage matrix owns current layout facts.",,,394,2026-07-23,compact-v2: ok,top_a
docs/analytics_array_policy_audit_2026-08-04.md,archive,,,medium,"Dated checkpoint for the analysis_array_policy_audit gate; implemented, code owns the rule.",,,87,2026-08-04,analysis_array_policy_audit: ok,top_a
docs/analytics_query_export_benchmark_contract_v1_2026-08-04.md,archive,,,medium,"Dated benchmark-runner contract; diagnostic tooling, not a contract users need; module docstring suffices.",,,183,2026-08-04,fisheye.diagnostics.benchmark_analytics_query_exports: ok,top_a
docs/analytics_query_export_benchmark_execution_2026-08-04.md,archive,,,high,Dated execution record of a failed benchmark attempt; pure point-in-time evidence.,,,57,2026-08-04,,top_a
docs/batman_crop_boundary_audit_2026-08-04.md,archive,,,high,"Dated Batman audit/checkpoint log; the lasting crop padding default (348x348, zero_outside_source_frame) should be captured in the crop geometry contract.",,,557,2026-08-09,zero_outside_source_frame: ok,top_a
docs/batman_reviewed_training_inference_candidates_20260806.md,archive,,,high,Completed selector-ineligible benchmark checkpoint for one cohort; historical evidence.,,,302,2026-08-09,,top_a
docs/bout_classification_v2_read_benchmark_contract_2026-08-03.md,archive,,,high,Dated diagnostic benchmark contract for an unpromoted selector-ineligible candidate.,,,193,2026-08-03,,top_a
docs/canonical_detection_storage_cluster_benchmark_checklist.md,archive,,,medium,Benchmark checklist (2026-07-24) whose selection work completed (profile chosen per implementation checklist); remaining open boxes are stale.,,,420,2026-07-24,regular__chunk_1048576: ok,top_a
docs/canonical_detection_storage_reduction_contract.md,archive,,,high,Frozen benchmark-reduction rules for a completed selection step.,,,63,2026-07-24,regular__chunk_1048576: ok,top_a
docs/chaser_distance_base_storage_contract_and_candidate_2026-08-03.md,archive,,,high,Dated selector-ineligible unpromoted storage candidate checkpoint.,,,159,2026-08-03,chaser_distance_storage_candidates: ok,top_a
docs/chaser_distance_sealed_base_read_benchmark_contract_2026-08-03.md,archive,,,high,Dated benchmark-only diagnostic contract for an unpromoted candidate.,,,184,2026-08-03,,top_a
docs/chaser_explorer_publication_gap_and_safety_2026-08-25.md,archive,,,medium,Dated gap inventory/plan between cohort figure bundle and the Marimo explorer; point-in-time planning.,,,103,2026-08-27,,top_a
docs/clipped_collection_roi_cache_model_workflow.md,archive,,,medium,1459-line 2026-07 design/readiness checkpoint with long gap lists; superseded by clipped_inference_dag.md and the clipped finalization work.,,,1459,2026-07-18,refined_detect_runs.latest_collection: ok,top_a
docs/clipped_refined_detection_snapshot_contract.md,archive,,,high,Own banner says it describes the historical snapshot publisher that must not be copied into new work.,,,162,2026-07-30,,top_a
docs/clipped_storage_finalization_implementation_checklist_2026-07-30.md,archive,,,medium,"Dated implementation checklist; remaining gates (atomic archive import) should be tracked in the owning queue, not here.",,,163,2026-08-01,,top_a
docs/cluster_job_dashboard_direction.md,archive,,,medium,Unimplemented 2026-06 design direction ('not implemented yet'); no dashboard code found.,,,149,2026-06-18,LSF dashboard in src/fisheye/status_page: missing,top_a
docs/cluster_pipeline_migration_checklist.md,archive,,,medium,Working checklist (last verified 2026-07-24) for workstation->cluster migration that has largely happened (clipped_inference DAG exists); still lists eye-mask stage and deleted submit script.,,,859,2026-07-25,scripts/submit_eye_masks_batches_bsub.sh: missing,top_a
docs/coordinate_contract_post_publication_plan.md,archive,,,medium,2026-07-21 proposed work-package handoff; point-in-time plan.,,,794,2026-07-23,,top_a
docs/crimson_full_storage_candidate_plan_2026-07-30.md,archive,,,high,Dated full-duration storage candidate plan/handoff with Crimson GUI smoke pending; point-in-time.,,,298,2026-07-30,,top_a
docs/crimson_palette_integration_acceptance_checklist.md,archive,,,medium,"April-May 2026 operator checklist for Crimson adoption of heading metadata and sparse refined detect; completed era, deprecated heading_computation fields.",,,271,2026-05-16,heading_computation: ok (still referenced),top_a
docs/crop_geometry_read_fixture_contract.md,archive,,,high,"Dated integration fixture, completed and passed by Crimson; evidence only.",,,198,2026-07-29,fisheye.diagnostics.publish_crop_geometry_read_fixture: ok,top_a
docs/crop_storage_mode_migration_todo.md,archive,,,medium,"March-2026 migration TODO; decisions (geometry_only default, latest_materialized/latest_any) landed and are captured in code and crop contracts.",,,303,2026-07-23,latest_materialized: ok; latest_any: ok,top_a
docs/crop_storage_producer_consumer_census_2026-07-27.md,archive,,,high,Dated ground-truth census + checkpoint; resulting schema lives in crop_schema.py and crop_geometry_storage_contract_v1.md.,,,596,2026-07-29,fisheye.shared.zarr.crop_schema: ok; fisheye.shared.zarr.crop_storage: ok,top_a
docs/cross_recording_analytics_arrow_dtype_checkpoint_2026-08-03.md,archive,,,high,Self-labelled historical checkpoint superseded by later exact-table work.,,,163,2026-08-04,inferred_v2_compatibility: ok,top_a
docs/cumulative_path_distance_composition_implementation_2026-09-01.md,archive,,,medium,Dated implementation note for one explorer/cohort metric; evidence-style.,,,178,2026-09-01,cumulative_path_distance_mm: ok,top_a
docs/deferred_chaser_publication_receipt_optimization_2026-08-25.md,archive,,,medium,"Deferred optimization note; belongs in the performance work queue, not docs.",,,71,2026-08-29,palette.analysis.exact_chaser.projection_receipt: ok,top_a
docs/deferred_chaser_ring_entry_video_successor_2026-08-25.md,archive,,,medium,"Deferred visualization successor scope; backlog item, not current behavior.",,,115,2026-08-25,,top_a
docs/derived_analytics_storage_benchmark_suite_v1.md,archive,,,high,"Self-declared historical, superseded by suite v2.",,,127,2026-08-04,,top_a
docs/derived_analytics_storage_benchmark_suite_v2.md,archive,,,low,Benchmark-selection internals for a diagnostic tool; module docstring (analysis_benchmark_suite) is sufficient; not a user-facing contract.,,,61,2026-08-04,fisheye.shared.zarr.analysis_benchmark_suite: ok,top_a
docs/derived_analytics_storage_reconciliation_2026-08-01.md,archive,,,high,Self-labelled historical snapshot superseded 2026-08-03.,,,128,2026-08-03,,top_a
docs/derived_metrics_schema_contract.md,archive,,,high,"Self-marked superseded; describes legacy refined-keypoint v1 metadata, replaced by keypoint_storage_contract_v2 and keypoint_quality_runs (9 inbound doc refs to repoint).",,,290,2026-08-16,,top_a
docs/detection_chunking_findings.md,archive,,,high,Feb 2026 investigation on /nvme1 training dataset (store since deleted); superseded by later pose loader NFS measurements.,,,87,2026-02-10,,top_a
docs/detection_snapshot_dag_integration.md,archive,,,medium,Dated (2026-07-27) checkpoint for v1 snapshot placement; superseded by canonical-v3 artifact/publication boundary.,,,156,2026-07-27,,top_a
docs/detection_training_plan.md,archive,,,medium,May-2026 plan of record with /nvme1 registry path (stale); zebrobot capture-time snapshot facts belong with session_context/MetaZebrobot external contract.,,,114,2026-05-01,zebrobot_snapshot reader in src/zarr_inspector.py: ok,top_a
docs/diagnostics/acquisition_parent_intake_canary_request_2026-09-07.md,archive,,,medium,Unsent draft request to acquisition agent; INGEST-001 status in queue,,,116,2026-09-07,,diagnostics
docs/diagnostics/activity_spatial_full_duration_baseline_2026-08-04.md,archive,,,high,Dated benchmark checkpoint; no promotion; superseded by optimized gate,,,92,2026-08-04,,diagnostics
docs/diagnostics/activity_spatial_full_duration_optimized_2026-08-04.md,archive,,,high,Dated benchmark pass evidence; latest of activity_spatial trio,,,108,2026-08-04,,diagnostics
docs/diagnostics/activity_spatial_source_fixture_preflight_2026-08-04.md,archive,,,high,Dated benchmark fixture preflight,,,101,2026-08-04,lossless_fixed_utf8_width_widening_v1: ok,diagnostics
docs/diagnostics/agent_instruction_audit_2026-09-05.md,archive,,agent_coordination,high,Completed audit; recommendations reconciled Sept 6; point-in-time,,,210,2026-09-06,,diagnostics
docs/diagnostics/agent_instruction_audit_preliminary_2026-09-05.md,archive,,,high,Explicitly superseded by agent_instruction_audit_2026-09-05.md,,,92,2026-09-06,,diagnostics
docs/diagnostics/analytics_storage_reconciliation_2026-07-17.md,archive,,,high,Self-declared dated evidence; docs/analytics_storage_schema_matrix.md is the contract,,,104,2026-07-17,,diagnostics
docs/diagnostics/architecture_review_five_lens_2026-09-01.md,archive,,architecture_data_flow,high,Self-dispositioned historical evidence; superseded by review_wave_second_opinion_2026-09-04.md + Sept 6 reconciliation in review_docs_rules_landing_handoff_2026-09-05.md; surviving items tracked in authority queue,,,310,2026-09-06,,diagnostics
docs/diagnostics/architecture_review_joint_plan_2026-09-05.md,archive,,,high,Planning snapshot for review wave; integration landed (PR #145),,,264,2026-09-06,,diagnostics
docs/diagnostics/artifact_identity_merkle_receipt_review_2026-08-29.md,archive,,,high,diagnostic_snapshot recommendations; lifecycle decision lives in publication_receipt_hashing_lifecycle,,,1153,2026-08-30,,diagnostics
docs/diagnostics/batman_keypoint_review_retraining_checkpoint_20260809.md,archive,,,high,Dated training checkpoint,,,86,2026-08-09,,diagnostics
docs/diagnostics/batman_keypoint_v2_candidate_20260805/machinery_validation_verdict.md,archive,,,high,Dated v2 candidate canary verdict,,,127,2026-08-05,,diagnostics
docs/diagnostics/batman_keypoint_v2_candidate_20260805/whole_recording_canary_v007.md,archive,,,high,"Dated canary; scientific-yield failure, superseded by v3 training",,,163,2026-08-05,,diagnostics
docs/diagnostics/batman_subject_mask_review_retraining_checkpoint_20260809.md,archive,,,high,Dated review/retraining checkpoint,,,109,2026-08-09,,diagnostics
docs/diagnostics/canonical_detection_producer_consumer_census_2026-07-23.md,archive,,stage_reference,medium,Phase-1 design input; decisions implemented (frame_row_offsets in 80 src files); docs/detection_publication_contract.md owns,,,246,2026-07-24,frame_row_offsets: ok,diagnostics
docs/diagnostics/canonical_detection_storage_200k_five_repetition_reduction_2026-07-24.md,archive,,,high,Storage benchmark series; outcome owned by docs/detection_storage_profile_promotion_2026-07-27.md,,,95,2026-07-24,,diagnostics
docs/diagnostics/canonical_detection_storage_200k_repetitions_2026-07-24.md,archive,,,high,Storage benchmark series (see promotion doc),,,150,2026-07-24,,diagnostics
docs/diagnostics/canonical_detection_storage_access_aware_result_2026-07-24.md,archive,,,high,Latest storage-series result; promoted profile documented in docs/detection_storage_profile_promotion_2026-07-27.md,,,310,2026-07-24,detection_published_access_aware_v1: ok,diagnostics
docs/diagnostics/canonical_detection_storage_benchmark_smoke_2026-07-24.md,archive,,,high,Storage benchmark series smoke,,,130,2026-07-24,,diagnostics
docs/diagnostics/canonical_detection_storage_cluster_smoke_2026-07-24.md,archive,,,high,Storage benchmark series smoke,,,124,2026-07-24,,diagnostics
docs/diagnostics/canonical_detection_storage_fixture_2026-07-24.md,archive,,,high,Benchmark fixture identity,,,92,2026-07-24,,diagnostics
docs/diagnostics/canonical_detection_storage_full_duration_reduction_2026-07-24.md,archive,,,high,Storage benchmark series,,,103,2026-07-24,,diagnostics
docs/diagnostics/canonical_detection_storage_matrix_plan_2026-07-24.md,archive,,,high,Completed plan checkpoint,,,71,2026-07-24,,diagnostics
docs/diagnostics/canonical_detection_storage_plan_2026-07-24.md,archive,,,high,Completed planning report; docs/canonical_detection_storage_reduction_contract.md owns,,,158,2026-07-24,,diagnostics
docs/diagnostics/canonical_propagation_trace_2026-09-03.md,archive,,architecture_data_flow,high,Self-dispositioned historical trace; superseded by review_wave_second_opinion_2026-09-04.md + Sept 6 reconciliation in review_docs_rules_landing_handoff_2026-09-05.md; surviving items tracked in authority queue,,,226,2026-09-06,,diagnostics
docs/diagnostics/chaser_analysis_component_inventory_2026-07-17.md,archive,,,medium,Read-only census; decision (GCBC as protocol profile) owned by docs/chaser_analysis_profile_design.md,,,165,2026-07-18,,diagnostics
docs/diagnostics/chaser_exact_successor_interactive_visualization_implementation_checklist_2026-08-27.md,archive,,,medium,Implementation checklist; remaining work tracked as VIS-CHASER-001 in queue,,,782,2026-09-03,,diagnostics
docs/diagnostics/chaser_exact_successor_marimo_status_2026-08-26.md,archive,,,medium,Status note cited as VIS-CHASER-001 source evidence; status owned by authority_consolidation_work_queue_2026-08-25.md,,,1097,2026-08-31,,diagnostics
docs/diagnostics/chaser_integration_gap_audit_2026-08-29.md,archive,,,medium,Audit-wave work queue superseded by gap-closure checklist and queue,,,145,2026-08-30,,diagnostics
docs/diagnostics/ci_required_gate_handoff_2026-09-06.md,archive,,agent_coordination,high,Handoff; ci-required gate landed and is in AGENTS.md rule,,,169,2026-09-06,,diagnostics
docs/diagnostics/cleanup_inventory_2026-07-08.md,archive,,,medium,Self-rule says archive when done; superseded by subtraction queue/this triage,,,283,2026-07-24,,diagnostics
docs/diagnostics/clipped_eye_assignment_authority_failure_2026-08-25.md,archive,,,medium,Incident evidence; status owned by authority_consolidation_work_queue_2026-08-25.md,,,660,2026-08-30,,diagnostics
docs/diagnostics/clipped_import_receipt_handoff_2026-09-06.md,archive,,,high,Dated PR handoff,,,235,2026-09-06,,diagnostics
docs/diagnostics/clock_publication_safety_handoff_2026-09-06.md,archive,,,high,Handoff; RID-CLOCK-001 complete in queue,,,268,2026-09-06,,diagnostics
docs/diagnostics/codebase_review_2026-07-01.md,archive,,,high,Latest of codebase_review series but itself superseded by Sept review wave,,,654,2026-07-17,,diagnostics
docs/diagnostics/contract_enforcement_divergence_review_2026-08-21.md,archive,,,high,Queue lists as historical evidence; status owned by authority_consolidation_work_queue_2026-08-25.md,,,104,2026-08-30,,diagnostics
docs/diagnostics/coordinate_catalog_canary_2026-07-28.md,archive,,,high,Dated canary pass,,,155,2026-07-29,,diagnostics
docs/diagnostics/coordinate_contract_audit_2026-07-19.md,archive,,data_model_store_layout,medium,Dated audit; docs/coordinate_metadata_framework.md owns contract,,,726,2026-07-21,,diagnostics
docs/diagnostics/crimson_coordinate_implementation_work_package_2026-07-19.md,archive,,,medium,Draft cross-repo handoff; Crimson-side work,,,307,2026-07-20,,diagnostics
docs/diagnostics/dag_catalog_tracking_alignment_handoff_2026-09-10.md,archive,,,high,Dated implementation handoff; status owned by authority_consolidation_work_queue_2026-08-25.md,,,119,2026-09-10,,diagnostics
docs/diagnostics/dag_motion_dependency_pinning_handoff_2026-09-09.md,archive,,,high,Dated implementation handoff,,,153,2026-09-09,,diagnostics
docs/diagnostics/design_review_findings_2026-08-09.md,archive,,,high,status: superseded; authority items absorbed into queue,,,512,2026-08-30,,diagnostics
docs/diagnostics/detect_review_pointer_census_2026-07-06.md,archive,,,high,2389-line dated census output,,,2389,2026-07-06,,diagnostics
docs/diagnostics/detect_review_pointer_recensus_2026-07-07.md,archive,,,high,Dated census output,,,249,2026-07-07,,diagnostics
docs/diagnostics/detection_promoted_profile_canary_2026-07-27.md,archive,,,high,Dated canary pass; profile promotion doc owns,,,97,2026-07-27,detection_published_access_aware_v1: ok,diagnostics
docs/diagnostics/evidence/ingestion_clock_diagnostic_probes_2026-09-06.md,archive,,,high,Companion probe for archived ingestion audit,,,68,2026-09-06,,diagnostics
docs/diagnostics/eye_mask_severance_census_2026-07-01.md,archive,,,high,Severance landed; dated census,,,177,2026-07-01,,diagnostics
docs/diagnostics/eye_tail_query_export_source_prerequisite_2026-08-04.md,archive,,,medium,Dated blocker note,,,80,2026-08-04,,diagnostics
docs/diagnostics/flat_roi_cache_pynvvc_surface_reuse_2026-06-05.md,archive,,,high,Fixed bug investigation,,,261,2026-06-16,,diagnostics
docs/diagnostics/generic_dag_gap_refresh_2026-09-09.md,archive,,,high,Read-only review snapshot; first slice implemented,,,289,2026-09-09,,diagnostics
docs/diagnostics/geometry_auto_acceptance_parallel_handoff_2026-09-06.md,archive,,,high,Handoff; GEOM-AUTO-001 in queue,,,100,2026-09-06,,diagnostics
docs/diagnostics/goodcopbadcop_arena_geometry_source_audit_2026-08-09.md,archive,,,medium,Audit implemented; shared.arena_geometry owns,,,112,2026-08-09,,diagnostics
docs/diagnostics/goodcopbadcop_behavior_synthesis_handoff_2026-07-17.md,archive,,,medium,Science session handoff (results kept out of repo); referenced from two analysis script docstrings,yes,src/fisheye/analysis/analyze_goodcopbadcop_immobility_artifact.py; src/fisheye/analysis/analyze_goodcopbadcop_wall_mediator.py,244,2026-07-23,,diagnostics
docs/diagnostics/goodcopbadcop_detection_dropout_2026-07-16.md,archive,,,high,Dated investigation,,,181,2026-07-23,,diagnostics
docs/diagnostics/goodcopbadcop_standalone_inference_migration_2026-08-10.md,archive,,,low,Implementation checkpoint; remaining scientific migrations not tracked elsewhere but scripts are exploratory,,,91,2026-08-10,,diagnostics
docs/diagnostics/group_analytics_viewer_cluster_readiness_2026-08-10.md,archive,,,high,Dated checkpoint,,,54,2026-08-10,,diagnostics
docs/diagnostics/import_surface_audit_2026-07-05.md,archive,,,high,status: superseded (writers retired 2026-07-25),,,341,2026-07-25,,diagnostics
docs/diagnostics/independent_codebase_design_assessment_2026-09-04.md,archive,,,high,Review-wave snapshot; superseded by review_wave_second_opinion_2026-09-04.md + Sept 6 reconciliation in review_docs_rules_landing_handoff_2026-09-05.md; surviving items tracked in authority queue,,,410,2026-09-06,,diagnostics
docs/diagnostics/ingestion_enforcement_handoff_2026-09-06.md,archive,,,high,Handoff; INGEST-001 in queue,,,351,2026-09-06,,diagnostics
docs/diagnostics/ingestion_validation_handoff_2026-09-06.md,archive,,,high,Dated PR handoff,,,195,2026-09-06,,diagnostics
docs/diagnostics/keypoint_training_v3_batman_train_20260807.md,archive,,,high,Dated training checkpoint,,,156,2026-08-09,,diagnostics
docs/diagnostics/keypoint_training_v3_full_corpus_20260807.md,archive,,,high,Dated training gate,,,96,2026-08-09,,diagnostics
docs/diagnostics/kinematics_query_export_representative_short_2026-08-04.md,archive,,,high,Dated benchmark gate,,,99,2026-08-04,,diagnostics
docs/diagnostics/labeling_save_checkpoint_handoff_2026-09-19.md,archive,,,high,Dated PR handoff,,,288,2026-09-19,,diagnostics
docs/diagnostics/mask_apply_qc_tail_integration_2026-09-23.md,archive,,,high,Dated integration handoff; docs/training/recovered_mask_tail_review.md owns workflow,,,104,,,diagnostics
docs/diagnostics/mask_apply_tail_successors_2026-09-23.md,archive,,,high,Dated handoff,,,95,2026-09-23,,diagnostics
docs/diagnostics/merged_pose_detect_recovery_canary_2026_09_14.md,archive,,,high,Dated recovery canary,,,74,2026-09-14,,diagnostics
docs/diagnostics/merged_pose_detect_recovery_full_2026_09_14.md,archive,,,medium,Dated recovery record; outcome is the recovered training zarrs,,,90,2026-09-14,,diagnostics
docs/diagnostics/model_input_shapes_metadata_gaps_2026-06-17.md,archive,,,high,Dated investigation vs stale /nvme1 registry; docs/model_input_shape_registry_design.md owns,,,149,2026-06-18,,diagnostics
docs/diagnostics/palette_registry_index_corruption_2026-08-14.md,archive,,operator_guide,high,Incident record; docs/registry_repair_playbook.md + AGENTS SQLite rule own procedure,,,72,2026-08-13,,diagnostics
docs/diagnostics/palette_registry_sqlite_runtime_mismatch_2026-08-21.md,archive,,operator_guide,high,Incident captured as AGENTS.md Registry SQLite Runtime Rule,,,55,2026-08-21,,diagnostics
docs/diagnostics/parent_recording_intake_handoff_2026-09-06.md,archive,,external_contracts,medium,786-line handoff; INGEST-001 in queue,,,786,2026-09-07,,diagnostics
docs/diagnostics/physical_calibration_coordinate_reconciliation_2026-07-24.md,archive,,,high,Dated branch-skew assessment,,,433,2026-07-24,,diagnostics
docs/diagnostics/pipeline_evidence_ingestion_audit_2026-09-06.md,archive,,architecture_data_flow,medium,Self-described living audit but not a queue; evidence-family index is good core source,,,1087,2026-09-06,,diagnostics
docs/diagnostics/pipeline_model_and_correction_loop_2026-09-02.md,archive,,,high,Proposals not adopted per disposition; superseded by review_wave_second_opinion_2026-09-04.md + Sept 6 reconciliation in review_docs_rules_landing_handoff_2026-09-05.md; surviving items tracked in authority queue,,,149,2026-09-06,,diagnostics
docs/diagnostics/pipeline_survey_2026-08-24.md,archive,,architecture_data_flow,medium,End-to-end evidence catalog; status owned by authority_consolidation_work_queue_2026-08-25.md,,,415,2026-08-30,,diagnostics
docs/diagnostics/pose_head_192_recovered_merged_export_2026_09_15.md,archive,,,high,Dated export record,,,94,2026-09-15,,diagnostics
docs/diagnostics/pose_head_crop_materialization_2026_09_14.md,archive,,,high,Dated materialization record,,,82,2026-09-14,pose_head_fixed_192_truncated_centroid_v1: ok,diagnostics
docs/diagnostics/pose_head_merged_export_2026_09_14.md,archive,,,high,Dated export record,,,164,2026-09-14,,diagnostics
docs/diagnostics/pose_training_local_staging_and_random_row_storage_2026_09_15.md,archive,,,medium,Change record for pose staging/storage profile; training workflow docs should own,,,110,2026-09-15,,diagnostics
docs/diagnostics/protocol_semantic_step_identity_handoff_2026-08-24.md,archive,,,high,Handoff; docs/protocol_semantic_step_identity_contract.md owns,,,880,2026-08-27,,diagnostics
docs/diagnostics/provenance_chain_audit_2026-07-24.md,archive,,,high,diagnostic_snapshot,,,988,2026-07-24,,diagnostics
docs/diagnostics/provenance_chain_review_2026-09-01.md,archive,,,high,Review-wave snapshot; superseded by review_wave_second_opinion_2026-09-04.md + Sept 6 reconciliation in review_docs_rules_landing_handoff_2026-09-05.md; surviving items tracked in authority queue,,,194,2026-09-06,,diagnostics
docs/diagnostics/provider_behavior_chain_position_input_handoff_2026-09-10.md,archive,,,high,Dated uncommitted handoff,,,187,2026-09-10,,diagnostics
docs/diagnostics/receipt_builder_census_2026-09-02.md,archive,,,high,Proposals rejected per disposition; superseded by review_wave_second_opinion_2026-09-04.md + Sept 6 reconciliation in review_docs_rules_landing_handoff_2026-09-05.md; surviving items tracked in authority queue,,,265,2026-09-06,,diagnostics
docs/diagnostics/recording_identity_census_2026-08-25.md,archive,,,high,Read-only evidence; docs/design/2026-09-23-recording-identity owns design,,,362,2026-08-30,,diagnostics
docs/diagnostics/recovered_mask_tail18_handoff_2026-09-18.md,archive,,,high,Handoff; docs/training/recovered_mask_tail_review.md owns,,,68,2026-09-18,,diagnostics
docs/diagnostics/recovered_pose_head_192_materialization_2026_09_14.md,archive,,,high,Dated materialization record,,,84,2026-09-14,,diagnostics
docs/diagnostics/redscare_typed_cohort_canary_2026-07-18.md,archive,,,high,33-line dated query result,,,33,2026-07-18,,diagnostics
docs/diagnostics/redundancy_campaign_2026-08-24.md,archive,,,medium,Redundancy catalog; status owned by authority_consolidation_work_queue_2026-08-25.md (SUB-001),,,278,2026-08-30,,diagnostics
docs/diagnostics/refined_detect_pointer_census_2026-07-04.md,archive,,,high,Dated census,,,80,2026-07-04,,diagnostics
docs/diagnostics/refined_detection_compaction_local_20260727_v2/README.md,archive,,,high,Dated compaction checkpoint; load_bearing_refs are spurious basename (README.md) matches - no file references this dir,,,98,2026-07-27,grep dir name in src/tests/scripts/pyproject: none,diagnostics
docs/diagnostics/refined_detection_physical_profile_canary_plan_2026-07-27.md,archive,,,high,Completed canary plan; docs/refined_detection_storage_contract_v1.md owns,,,159,2026-07-27,,diagnostics
docs/diagnostics/refined_detection_producer_consumer_lifecycle_census_2026-07-26.md,archive,,,high,Dated census,,,266,2026-07-27,,diagnostics
docs/diagnostics/refined_detection_v1_transition_shadow_checkpoint_2026-07-27.md,archive,,,high,Dated checkpoint,,,235,2026-07-27,,diagnostics
docs/diagnostics/review_apply_performance_2026-09-23.md,archive,,,high,Dated PR handoff,,,124,2026-09-23,,diagnostics
docs/diagnostics/review_docs_rules_landing_handoff_2026-09-05.md,archive,,agent_coordination,medium,Latest of review-wave series; its Sept 6 reconciliation is the anchor others cite; archive with the series,,,404,2026-09-06,,diagnostics
docs/diagnostics/review_wave_second_opinion_2026-09-04.md,archive,,,medium,Correction owner of the review wave but itself dated evidence; archive with series,,,396,2026-09-06,,diagnostics
docs/diagnostics/server_side_ci_enforcement_plan_2026-09-05.md,archive,,agent_coordination,high,"Rollout done (Phase B active, ci-required on ruleset)",,,133,2026-09-06,,diagnostics
docs/diagnostics/shared_helper_consolidation_review_2026-09-04.md,archive,,,high,Review-wave snapshot; superseded by review_wave_second_opinion_2026-09-04.md + Sept 6 reconciliation in review_docs_rules_landing_handoff_2026-09-05.md; surviving items tracked in authority queue,,,333,2026-09-06,,diagnostics
docs/diagnostics/sleepyfish_analysis_storage_audit_2026-07-17.md,archive,,,high,Dated audit,,,167,2026-07-17,,diagnostics
docs/diagnostics/sleepyfish_data_handoff_draft_2026-08-20.md,archive,,,high,"stale_diagnostic_snapshot, self-marked not current",,,220,2026-08-30,,diagnostics
docs/diagnostics/stage_array_enforcement_census_2026-07-02.md,archive,,,high,Census for an archived roadmap,,,154,2026-07-17,,diagnostics
docs/diagnostics/stimulus_coordinate_v6_real_data_gate_2026-08-05.md,archive,,,medium,Blocked gate superseded by unified H5 intake work,,,115,2026-08-05,,diagnostics
docs/diagnostics/storage_and_rig_conversation_2026-07-24.md,archive,,,high,7548-line raw session transcript; conclusions in rig_characterization and raw_video_storage_tiering_proposal,,,7548,2026-08-01,,diagnostics
docs/diagnostics/store_measurements_selectors_and_training_membership_2026-09-03.md,archive,,,medium,Dated measurements with later corrections; referenced from two script docstrings,yes,scripts/check_training_membership.py; scripts/sweep_run_selectors.py,141,2026-09-06,,diagnostics
docs/diagnostics/strategy_state_analysis_2026-09-01.md,archive,,,medium,Exploratory science result; results kept out of repo,,,157,2026-09-06,,diagnostics
docs/diagnostics/subject_mask_component_area_support_2026-08-30.md,archive,,stage_reference,medium,Implementation record for tiny-component rejection policy; behavior should be stated in refined subject-mask contract,,,150,2026-08-30,,diagnostics
docs/diagnostics/subject_mask_full_duration_canary_2026-07-31/README.md,archive,,,high,Dated canary; load_bearing_refs are spurious basename matches - nothing references this dir; docs/subject_mask_production_validation_2026-07-31.md owns,,,166,2026-07-31,grep dir name in src/tests/scripts/pyproject: none,diagnostics
docs/diagnostics/subject_mask_profile_design_2026-06-18.md,archive,,,high,Design implemented (src/fisheye/shared/subject_mask_profile.py exists and cites it),yes,src/fisheye/shared/subject_mask_profile.py,116,2026-07-05,src/fisheye/shared/subject_mask_profile.py: ok,diagnostics
docs/diagnostics/subject_mask_sampled_contour_full_duration_canary_2026-08-01.md,archive,,,high,Dated canary,,,142,2026-08-01,,diagnostics
docs/diagnostics/subject_shape_planning_admission_optimization_2026-08-29.md,archive,,,high,Dated implementation record,,,350,2026-09-03,,diagnostics
docs/diagnostics/subject_shape_tail_curvature_2026-07-15.md,archive,,,high,Fixed fit bug investigation,,,159,2026-07-15,,diagnostics
docs/diagnostics/subtraction_queue_2026-08-21.md,archive,,,medium,Scoped deletion census; overlapping items absorbed into queue SUB-001,,,97,2026-08-30,,diagnostics
docs/diagnostics/swim_bout_full_duration_storage_suite_v2_2026-08-04.md,archive,,,high,Dated benchmark,,,104,2026-08-04,,diagnostics
docs/diagnostics/swim_bout_full_duration_writer_telemetry_v4_2026-08-04.md,archive,,,high,Dated benchmark,,,99,2026-08-04,,diagnostics
docs/diagnostics/track_manifest_receipt_canary_2026-07-25.md,archive,,,medium,Rejected-shortcut decision; principle captured in publication_receipt_hashing_lifecycle,,,55,2026-07-25,,diagnostics
docs/diagnostics/track_motion_reader_optimization_2026-08-24.md,archive,,,high,Dated optimization audit,,,867,2026-08-30,,diagnostics
docs/diagnostics/training_data_and_model_provenance_review_2026-09-01.md,archive,,,high,Review-wave snapshot; superseded by review_wave_second_opinion_2026-09-04.md + Sept 6 reconciliation in review_docs_rules_landing_handoff_2026-09-05.md; surviving items tracked in authority queue; cited by scripts/check_training_membership.py docstring,yes,scripts/check_training_membership.py,152,2026-09-06,,diagnostics
docs/diagnostics/unified_h5_import_handoff_2026-09-12.md,archive,,,high,Marked superseded 2026-09-24 by docs/design/2026-09-24-unified-h5-reference-storage,,,203,2026-09-24,,diagnostics
docs/diagnostics/validated_behavior_export_assessment_2026-09-01.md,archive,,,high,Exploratory science assessment,,,224,2026-09-06,,diagnostics
docs/diagnostics/validated_behavior_receipt_composed_finalization_2026-09-04.md,archive,,,high,Accepted and merged (PR #132); lifecycle doc owns principle,,,544,2026-09-04,,diagnostics
docs/diagnostics/worktree_integration_and_cleanup_audit_2026-09-04.md,archive,,,high,Dated worktree/PR snapshot,,,314,2026-09-06,,diagnostics
docs/direct_writer_byte_candidate_adoption_2026-08-03.md,archive,,,high,Dated opt-in candidate checkpoint; no promotion.,,,76,2026-08-03,,top_a
docs/embedded_fish_heartrate_intern_handoff_2026-07-13.md,archive,,,high,Intern handoff for a finished heart-rate evaluation; final decision recorded in heartrate_final_decision; playground-only work,,,407,2026-07-23,,top_b
docs/exact_tabular_candidate_read_benchmark_contract_20260803.md,archive,,,high,Dated benchmark contract for selector-ineligible candidates; runner module exists and is self-describing,,,194,2026-08-03,fisheye.diagnostics.benchmark_exact_tabular_candidates: ok,top_b
docs/eye_angle_byte_planner_candidate_adoption_2026-08-03.md,archive,,,high,Dated checkpoint for a selector-ineligible storage candidate; storage profile lives in code,,,153,2026-08-03,eye_angle_access_aware_candidate_v1: ok (eye_angle_storage.py),top_b
docs/eye_angle_v7_read_benchmark_contract_2026-08-03.md,archive,,,high,Dated read-benchmark contract; candidate unpromoted,,,145,2026-08-03,load_eye_angle_run_tables: ok,top_b
docs/future_track_motion_storage_layout.md,archive,,,medium,Explicitly deferred future layout design; nothing implemented,,,245,2026-07-20,,top_b
docs/generic_epoch_analysis_module_plan.md,archive,,,high,Self-declared superseded by composable_stimulus_analysis_and_plot_recipes_design.md; implementation history only,,,301,2026-08-14,docs/composable_stimulus_analysis_and_plot_recipes_design.md: ok,top_b
docs/geometry_live_gpu_design_note.md,archive,,,high,2026-04 follow-up TODO for GPU geometry_live reads; geometry_live barely present in src (1 file),,,267,2026-04-04,geometry_live: 1 file,top_b
docs/goodbatbadbat_acquisition_crop_stream_production_checklist_20260815.md,archive,,,high,Dated 885-line implementation checklist with canary logs; point-in-time,,,885,2026-08-16,,top_b
docs/grating_analysis_acquisition_questions.md,archive,,,high,2026-03 question list to Citrus developer; point-in-time,,,199,2026-03-05,,top_b
docs/group_statistics_arrow_contract_2026-08-03.md,archive,,,high,Worktree checkpoint; executable authority is arrow_contracts.py on main,,,108,2026-08-03,fisheye.analytics_exports.arrow_contracts: ok,top_b
docs/heartrate_final_decision_2026-07-12.md,archive,,,medium,Final scientific decision record for a closed heart-rate investigation,,,180,2026-07-23,,top_b
docs/identity_lineage_staleness_review.md,archive,,,high,"Design review whose recs landed (authoritative_run, FrameDomains) and are owned elsewhere",,,139,2026-07-18,AUTHORITATIVE_RUN_ATTR: ok,top_b
docs/instance_identity_and_tracking_review.md,archive,,,high,Self-declared partially superseded by instance_track_subject_identity_contract.md,,,252,2026-07-09,,top_b
docs/interface_and_execution_strategy.md,archive,,,medium,Proposed 2026-07 vision memo; no concrete contract,,,136,2026-07-17,,top_b
docs/keypoint_heading_validity_todo.md,archive,,,high,Completed breaking migration (heading_valid -> heading_finite/usable),,,154,2026-04-12,fisheye.utils.backfill_keypoint_heading_fields: ok,top_b
docs/keypoint_pixel_contract_registry_todo.md,archive,,,low,2026-06 slice TODO; roi_pixel_contract_name now widespread in src,,,177,2026-06-16,roi_pixel_contract_name: ok (33 files),top_b
docs/keypoint_pose_rollout_status.md,archive,,,high,"Status snapshot (anchored 2026-04, addenda to 07); status docs are history",,,481,2026-07-23,,top_b
docs/keypoint_temporal_heading_heuristic_todo.md,archive,,,medium,2026-04 draft TODO; temporal heading review now implemented in refine_keypoints/keypoint_tuner,,,239,2026-05-01,temporal_heading: ok,top_b
docs/keypoint_training_source_census_2026-08-06.md,archive,,,high,Dated read-only census,,,172,2026-08-09,,top_b
docs/keypoint_v2_crimson_fixture_contract.md,archive,,,medium,Dated fixture handoff to Crimson; fixture frozen,,,228,2026-07-29,,top_b
docs/keypoints_pipeline_inline_registry_report.md,archive,,,high,Gap report whose proposal is implemented as registry/stage_complete.py (doc says so),,,423,2026-07-23,,top_b
docs/kvikio_gds_subject_mask_experiment.md,archive,,,high,Concluded experiment (decision: do not adopt); only top-level bench scripts remain,,,171,2026-04-25,kvikio only in src/*.py scratch scripts,top_b
docs/labeling_platform_build_vs_adopt.md,archive,,,medium,Build-vs-adopt memo; framework decision since made (native modules+Preact),,,227,2026-07-05,,top_b
docs/legacy_archive_migration_policy.md,archive,,,medium,2026-03 policy note for crop-storage redesign; superseded by later crop/store policy,,,223,2026-03-06,,top_b
docs/multi_subject_tracking_phase5_plan.md,archive,,,low,July canary plan; multi_subject_motion_v1 slice not found in src,,,373,2026-07-15,multi_subject_motion_v1: missing,top_b
docs/notes/orange_crop_video_frame_contract_2026-06-25.md,archive,,,medium,June request memo to Orange about local_frame_id; compat behavior (source_crop_video_frame_indices) landed in code; superseded by transfer-v2 contracts.,,,116,2026-06-25,source_crop_video_frame_indices in src: ok,other
docs/notes/paintera_palette_session_authorship_2026-03-11.md,archive,,,high,Personal March session note on authorship/reflection; not operational.,,,220,2026-03-29,,other
docs/operator_guide/citrus_dish_mask_handoff.md,archive,,,high,"Own banner: historical compatibility design, superseded by recording_bound_geometry_import_and_validation_design.md.",,,273,2026-07-26,docs/recording_bound_geometry_import_and_validation_design.md: ok,other
docs/paintera_palette_subject_mask_workflow.md,archive,,,medium,2026-04 canary record of Paintera/SAM3 workflow,,,406,2026-04-29,,top_b
docs/palette_crimson_contract_sync_todo.md,archive,,,high,Plan never executed: docs/palette-crimson/ and sync workflow do not exist,,,270,2026-07-23,docs/palette-crimson: missing; palette-contract-sync.yml: missing,top_b
docs/pose_coco_interoperability.md,archive,,,medium,Design only; cited exporter fisheye.utils.export_pose_coco does not exist,,,264,2026-07-02,fisheye.utils.export_pose_coco: missing,top_b
docs/pose_kinematics_run_design.md,archive,,,high,2026-03 design; pose_kinematics_runs never implemented,,,314,2026-03-30,pose_kinematics_runs: missing,top_b
docs/protocol_parameter_registry_todo.md,archive,,,medium,2026-02 deferred plan; per-stimulus param tables never built,,,389,2026-07-17,chaser_step_params: missing,top_b
docs/provider_aware_spatial_analytics_implementation_checklist_2026-08-18.md,archive,,,high,Dated implementation checklist with canary logs,,,720,2026-08-20,,top_b
docs/provider_position_chaser_distance_implementation_checklist.md,archive,,,high,"Canary implementation checklist, all ticked",,,146,2026-08-23,,top_b
docs/raw_vs_smoothed_metrics_behavioral_geometry.md,archive,,,medium,"Generic best-practice essay, not Palette-specific behavior",,,306,2026-03-30,,top_b
docs/recording_step_status_parallel_agents_contract.md,archive,,,high,Self-declared superseded 2026-08-20,,,249,2026-08-20,,top_b
docs/recording_store_relocation_components.md,archive,,,medium,/nvme1 -> /groups relocation finished; /groups is the only store,,,445,2026-05-28,,top_b
docs/recording_store_relocation_runbook.md,archive,,,medium,Runbook for a completed one-time relocation,,,256,2026-06-18,,top_b
docs/refined_detect_downstream_adoption_checklist.md,archive,,,high,2026-04 adoption checklist,,,121,2026-04-15,,top_b
docs/refined_detect_multisubject_goal.md,archive,,,high,Self-declared historical; superseded by sparse instances schema + identity contract,,,260,2026-07-09,,top_b
docs/refined_detection_crop_handoff_contract_v1.md,archive,,,medium,Dated checkpoint; crop publication explicitly not authorized,,,102,2026-07-27,,top_b
docs/refined_keypoint_v2_crimson_fixture_contract.md,archive,,,medium,Dated fixture handoff to Crimson,,,143,2026-07-29,,top_b
docs/refined_subject_mask_scheduler_todo.md,archive,,,medium,2026-03 TODO; finalize/refine engines exist,,,539,2026-07-23,src/fisheye/refinement/finalize_subject_masks.py: ok,top_b
docs/registered_dish_geometry_production_implementation_checklist_2026-08-12.md,archive,,,high,Dated branch/worktree-specific implementation checklist (baseline branch sun),,,1232,2026-08-21,,top_b
docs/repo_wide_staleness_checklist.md,archive,,,high,April 2026 draft; per-stage checklist built around eye-mask stale marking; superseded by docs/design/2026-09-24-row-scoped-staleness.,,,370,2026-04-24,docs/repo_wide_staleness_implementation_todo.md: missing,top_c
docs/repo_wide_staleness_gap_matrix.md,archive,,,high,April 2026 draft gap snapshot linking to a deleted TODO.,,,82,2026-04-21,docs/repo_wide_staleness_implementation_todo.md: missing,top_c
docs/review_status_schema_unification_contract.md,archive,,,medium,Feb 2026 workstream plan whose parent TODO is gone; review authority now governed by authority_acceptance checklist.,,,182,2026-08-16,docs/pose_detect_parity_todo.md (its parent TODO): missing,top_c
docs/sam3_finetuning_from_palette_data.md,archive,,,medium,Design-level speculation for an unbuilt SAM3 fine-tuning path.,,,254,2026-07-23,no SAM3 training code in src: ok (as described),top_c
docs/sam3_subject_mask_canary_plan.md,archive,,,medium,"July 2026 one-canary plan; runtime exists, plan is historical.",,,495,2026-07-01,fisheye.utils.run_sam_subject_masks: ok,top_c
docs/segmentation_pipeline_step_todo.md,archive,,,high,Future orchestration TODO from eye-mask era; entry points it lists are gone.,,,579,2026-07-01,eye segmentation entry points in src/fisheye/segmentation: missing (severed),top_c
docs/segmentation_stage_split_review.md,archive,,,high,April review whose eye-into-subject-mask unification has landed.,,,255,2026-04-25,raw eye writers in src/fisheye/segmentation: missing,top_c
docs/shared_helpers_refactor_todo.md,archive,,,high,Feb-May 2026 dedup tracker; superseded by subtraction/redundancy campaign queues.,,,916,2026-07-24,,top_c
docs/sleap_palette_storage_assessment.md,archive,,,medium,July assessment; its design rule was absorbed by stable_identity_incremental_materialization_decision.,,,182,2026-07-17,,top_c
docs/stimulus_epoch_storage_contract_and_candidate_2026-08-03.md,archive,,,high,Selector-ineligible storage candidate checkpoint; not promoted.,,,286,2026-08-03,,top_c
docs/subject_mask_final_shard_publication_optimization_2026-08-11.md,archive,,,medium,Implementation/canary log for publication optimization; production planner adoption recorded.,,,629,2026-08-31,,top_c
docs/subject_mask_production_validation_2026-07-31.md,archive,,,high,Point-in-time canary validation snapshot.,,,407,2026-07-31,,top_c
docs/subject_mask_recording_coordinate_aggregation_2026-08-04.md,archive,,,high,Its own status says core v3 superseded by v4 hardening doc.,,,164,2026-08-10,,top_c
docs/subject_mask_refinement_todo.md,archive,,,medium,1246-line rollout TODO from July; current refined-mask rules live in refined_subject_masks_runs_contract and AGENTS.md.,,,1246,2026-07-23,,top_c
docs/subject_mask_single_clip_performance_matrix_2026-08-10.md,archive,,,high,Benchmark-only point-in-time matrix.,,,89,2026-08-11,,top_c
docs/subject_mask_storage_census_2026-07-30.md,archive,,,high,Dated census; profiles promoted or captured elsewhere.,,,1327,2026-07-31,,top_c
docs/subject_shape_byte_planned_candidate_2026-08-03.md,archive,,,high,Unpromoted physical candidate checkpoint.,,,104,2026-08-03,,top_c
docs/subject_shape_performance_benchmark.md,archive,,,medium,July benchmark runbook + evidence.,,,221,2026-07-15,,top_c
docs/subject_shape_v4_read_benchmark_contract_2026-08-03.md,archive,,,high,Benchmark checkpoint.,,,186,2026-08-03,fisheye.diagnostics.benchmark_subject_shape_v4_candidate: ok,top_c
docs/swim_bladder_patch_review_design.md,archive,,,medium,March draft proposing tools that now exist.,,,302,2026-06-21,fisheye.visualization.visualize_swim_bladder_mask_patches: ok,top_c
docs/swim_bout_exact_storage_contract_20260803.md,archive,,,medium,Checkpoint for array_schema_manifest; no promotion.,,,103,2026-08-03,,top_c
docs/tail_kinematics_byte_planner_candidate_adoption_2026-08-03.md,archive,,,high,Unpromoted candidate checkpoint.,,,103,2026-08-03,,top_c
docs/tail_kinematics_tool_interop_design.md,archive,,,medium,Draft interop survey (Stytra/ZebraZoom/Megabouts); no adapters implemented.,,,615,2026-07-23,,top_c
docs/tail_kinematics_v2_read_benchmark_contract_2026-08-03.md,archive,,,high,"Benchmark checkpoint, never run on representative archive.",,,176,2026-08-03,,top_c
docs/tail_posture_view_v3_read_benchmark_contract_2026-08-03.md,archive,,,high,Benchmark checkpoint.,,,229,2026-08-03,,top_c
docs/task_specific_merged_keypoint_training_v2_20260806.md,archive,,,high,Superseded by v3.,,,94,2026-08-09,,top_c
docs/track_coordinate_precision_contract_correction_2026-08-04.md,archive,,,high,Landed pre-promotion correction note.,,,65,2026-08-04,,top_c
docs/track_kinematics_byte_planner_checkpoint_2026-08-03.md,archive,,,high,Unpromoted checkpoint.,,,158,2026-08-04,,top_c
docs/track_kinematics_flat_lineage_candidate_decision_2026-08-03.md,archive,,,high,Unpromoted candidate.,,,137,2026-08-04,,top_c
docs/track_kinematics_v2_read_benchmark_contract_2026-08-03.md,archive,,,high,Benchmark checkpoint.,,,184,2026-08-03,,top_c
docs/traditional_subject_segmentation_scaling_todo.md,archive,,,high,Deferred TODO.,,,179,2026-03-30,,top_c
docs/training_data_api_surface_audit.md,archive,,,high,April audit framed around eye-mask pipeline.,,,459,2026-07-05,,top_c
docs/training_dataset_versioning_todo.md,archive,,,high,March TODO.,,,69,2026-03-05,,top_c
docs/training_label_origin_phase1_audit.md,archive,,,high,Phase-1 audit.,,,233,2026-07-17,,top_c
docs/training_label_origin_provenance_todo.md,archive,,,medium,TODO largely landed.,,,213,2026-07-17,label_origin in src: ok (10 files),top_c
docs/utils_reorganization_strategy.md,archive,,,medium,Proposed strategy; subsumed by subtraction/redundancy campaign.,,,242,2026-07-09,,top_c
docs/validated_behavior_grouped_statistics_sandbox_2026-09-01.md,archive,,,medium,Exploratory sandbox record.,,,327,2026-09-01,,top_c
docs/web_labeling_implementation_checklist_clean.md,archive,,,medium,June checklist; manifest json lists it.,yes,docs/web_labeling_implementation_manifest.json,1063,2026-06-24,,top_c
docs/web_labeling_modularization_plan.md,archive,,,medium,July backend plan; frontend direction now in docs/design/2026-09-26-labeling-frontend-review.,,,865,2026-07-05,,top_c
docs/webknossos_bridge_spike_prep_checklist.md,archive,,,high,Spike not pursued.,,,268,2026-07-05,webknossos in src: missing,top_c
docs/webknossos_palette_bridge_spike.md,archive,,,high,Spike not pursued.,,,617,2026-07-05,webknossos in src: missing,top_c
docs/whole_recording_keypoint_v2_production_adapter_20260805.md,archive,,,medium,Canary execution log for pose adapter.,,,536,2026-08-09,,top_c
docs/zarr_spec_runtime_drift_todo.md,archive,,,medium,"Working checklist, mostly completed.",,,91,2026-07-25,,top_c
matlab/matlab.md,archive,,,high,Empty file (0 lines).,,,0,2025-07-31,,other
meeting_artifacts/chaser_analytics_20260805/README.md,archive,,,high,Aug 5 meeting pack; source canary zarr was under /nvme1 (deleted). Load-bearing refs are basename noise on 'README.md'.,,,162,2026-08-05,/nvme1/recordings/chunking_canary_2026-06-24_heartrate: gone (/nvme1 deleted),other
src/best_possible.md,archive,,,high,2025-09 terminal log paste of legacy fisheye.core.pipeline import run on /nvme1; not documentation.,,,1479,2025-09-28,,other
src/fisheye/docs/alignment.md,archive,,,medium,All 8 cited fisheye.diagnostics alignment/H5 scripts are gone; stimulus_runs layout is owned by zarr_structure.md and unified H5 docs.,,,327,2026-07-08,fisheye.diagnostics.check_stimulus_alignment: missing; fisheye.diagnostics.fix_h5_chaser_frame_numbers: missing; fisheye.diagnostics.inspect_stimulus_mapping: missing,other
src/fisheye/docs/citrus_data_structure_documentation.md,archive,,,high,"Own banner: historical reference archived 2026-08-12, legacy Citrus H5 layout; not acceptance contract.",,,839,2026-08-12,,other
src/fisheye/docs/experimental_area_metrics_plan.md,archive,,,high,"July plan; arena geometry implemented in shared/arena_geometry.py (which also documents the nominal experimental_area is a fallback, not truth).",,,68,2026-07-02,src/fisheye/shared/arena_geometry.py: ok,other
src/fisheye/docs/eye_mask_tuning_workflow.md,archive,,,high,"Describes deleted eye-mask tools (fisheye.tune.eye_mask_tuner, eye_mask_review) after eye-mask severance.",,,185,2026-04-02,fisheye.tune.eye_mask_tuner: missing; fisheye.tune.eye_mask_review: missing,other
src/fisheye/docs/smoothing_strats.md,archive,,,high,Untitled generic chatbot-style list of smoothing methods; not Palette-specific.,,,23,2025-10-30,,other
AGENTS.md,keep,,agent_coordination,high,"Entry point and live agent rulebook (CI test reads it). Stale: Sandbox Zarr Fallback Rule cites docs/sandbox_zarr_fallback.md, which is now docs/archive/sandbox_zarr_fallback.md; it names two dated diagnostics docs (work queue 2026-08-25, checklist 2026-08-27) as live owners, so those must survive the trim or be re-pointed; much text is Codex-sandbox specific and long (351 lines) for a core entry point.",,,351,2026-09-25,docs/sandbox_zarr_fallback.md: missing (only docs/archive/); scripts/deploy_palette_cluster_worktree.sh: ok; fisheye.utils.registry_integrity: ok; docs/diagnostics/authority_consolidation_work_queue_2026-08-25.md: ok; docs/dask_zarr_write_safety.md: ok,other
README.md,keep,,start_here,high,"Entry point. Stale: CI badge points at branch=sun though main is the integration branch and ci.yml triggers on pull_request only; Documentation list omits unified H5 intake, labeling server, docs/design/ convention and zarr_structure.md; otherwise commands check out.",,,125,2026-07-25,palette console script fisheye.cli.palette:main: ok; pixi tasks app/recording-app/recording-workspace/zarr-workspace: ok; scripts/run_palette_explorer.sh: ok; all 9 listed docs exist: ok; badge branch=sun: stale,other
apps/manim/ANIMATIONS_PLAN.md,keep,,,medium,Planning doc next to the manim app; track_kinematics_pipeline.py scene now exists; not core.,,,244,2026-07-17,apps/manim/track_kinematics_pipeline.py: ok; apps/manim/gaze_flip_rule.py: ok,other
apps/manim/README.md,keep,,,medium,"Code-adjacent README; slightly stale file tree (lists only gaze_flip_rule.py, misses track_kinematics_pipeline.py, _common/, data/).",,,328,2026-05-05,gaze_flip_rule.py: ok; docs/eye_axis_half_plane_margin.md: ok; file tree: stale,other
diagnostics/README.md,keep,,,medium,Describes the sandbox zarr/asyncio repro scripts that still sit beside it; uses bare miniconda python path instead of scripts/py.,,,80,2026-02-04,diagnostics/zarr_open_group_hang_repro.py: ok; diagnostics/asyncio_threadsafe_repro.py: ok,other
docs/acquisition_batch_registry_contract.md,keep,,data_model_store_layout,medium,"Implemented registry contract (migration 67, acquisition_batch schemas, CLI flags) for explicit acquisition_batch_id; current behavior.",,,181,2026-08-10,palette.registry.acquisition_batch_assignment.v1: ok; --acquisition-batch-id: ok,top_a
docs/acquisition_video_stream_source_policy.md,keep,,external_contracts,medium,"Short policy that acquisition crop streams are available media, not implicit model inputs; still the referenced source-selection rule (7 inbound).",,,251,2026-08-15,external_crop_recorder: ok,top_a
docs/analysis_materializer_runtime_telemetry.md,keep,,,medium,Describes the live palette.materializer_phase_telemetry v2 schema and identity exclusion rule; later canary sections are history that could be trimmed.,,,327,2026-08-04,palette.materializer_phase_telemetry: ok; phase_parent_by_name: ok,top_a
docs/analysis_to_training_promotion_contract.md,keep,,operator_guide,medium,"Implemented detect bbox analysis->training promotion (backend, CLI, --promote-training-zarr hook all exist); 12 inbound; header 'draft' is stale.",,,458,2026-08-16,fisheye.tune.detect_training_promotion_backend: ok; fisheye.utils.promote_analysis_detect_to_training: ok; --promote-training-zarr in video_detect_review_web: ok,top_a
docs/analysis_workflow_dag.md,keep,,architecture_data_flow,high,"Current owner of the analysis workflow DAG profile contract (core_behavior_v1.yaml, planning vs execution), updated 2026-09-10.",,,485,2026-09-10,src/fisheye/analysis_workflows/profiles/core_behavior_v1.yaml: ok,top_a
docs/analytics_math_primer.md,keep,,start_here,medium,"Conceptual primer for new users (coordinate frames, speed, bouts, eye angles); one of few onboarding-oriented docs.",,,501,2026-08-10,src/fisheye/docs/eye_angle_conventions.md link target: ok (file referenced exists via src/fisheye/docs),top_a
docs/analytics_storage_schema_matrix.md,keep,,data_model_store_layout,medium,"Self-described canonical index of analysis-family schemas/readers; short and pointer-shaped, good seed for store layout core doc.",,,89,2026-08-25,src/fisheye/docs/zarr_structure.md: ok,top_a
docs/arena_geometry_dag_workflow.md,keep,,stage_reference,medium,Current arena-geometry workflow with human review barrier; referenced modules and submit script exist.,,,213,2026-08-21,fisheye.cluster.arena_geometry_review: ok; scripts/submit_recording_dish_rim_probe_bsub.sh: ok,top_a
docs/artifact_storage_map.md,keep,,data_model_store_layout,high,Recently updated (2026-09-06) map of storage roots and where PNG/JSON artifacts live; `palette artifacts` command exists.,,,188,2026-09-06,palette artifacts command in src/fisheye/cli/palette.py: ok,top_a
docs/baseline_behavior_strategy_analytics.md,keep,,stage_reference,medium,Describes implemented baseline_strategy package (contracts/features/cohort/workflow) and how to run it.,,,360,2026-07-13,"src/fisheye/baseline_strategy/{contracts,features,cohort,workflow}.py: ok",top_a
docs/body_frame_contract.md,keep,,authority_acceptance,high,Active v4 contract cited from src/tests and aligned with AGENTS supplier-sufficiency rule; estimator names exist in code.,,,463,2026-08-27,keypoint_head_axis: ok; body_spline_with_anchor_polarity: ok,top_a
docs/bout_classification_runs_contract.md,keep,,stage_reference,high,Active implemented contract for analysis/bout_classification_runs (Megabouts adapter).,,,308,2026-08-16,resolve_bout_classification_run: ok; megabouts adapter: ok,top_a
docs/bout_kinematics_run_design.md,keep,,stage_reference,medium,"Owner doc for analysis/bout_kinematics_runs inputs, metrics, validity; family is live (9 inbound).",,,784,2026-07-17,analysis/bout_kinematics_runs: ok,top_a
docs/chaser_analysis_profile_design.md,keep,,stage_reference,medium,Short current decision: chaser analyses are generic profiles with protocol adapters; chaser_behavior_full_v2.yaml exists.,,,156,2026-08-20,chaser_behavior_full_v2: ok,top_a
docs/chaser_behavior_metadata_contract.md,keep,,external_contracts,medium,"Small vocabulary contract (chaser_behavior_classes, inert vs benign) still used.",,,122,2026-07-12,random_non_chasing: ok,top_a
docs/chaser_bout_response_contract.md,keep,,stage_reference,high,Live component contract with load-bearing scientific warnings (default_signal_id filter); module and pinned test exist.,,,188,2026-07-23,src/fisheye/analysis/chaser_bout_response.py: ok; test_multi_level_bout_table_is_filtered_to_the_default_level: ok,top_a
docs/chaser_component_publication_contract_v1.md,keep,,authority_acceptance,medium,Implemented chaser component manifest/atomic publication lifecycle; owner for chaser component sealing.,,,273,2026-08-04,src/fisheye/analysis/chaser_component_publication.py: ok; persist_chaser_component_manifest: ok,top_a
docs/chaser_distance_run_contract.md,keep,,stage_reference,medium,"Owner contract for analysis/chaser_distance_runs (the base under all chaser components); header 'specified-only/draft 2026-06-17' is stale since writer exists, needs refresh.",,,268,2026-08-16,src/fisheye/analysis/chaser_distance_runs.py: ok; palette.chaser_distance.v1: ok; docs/goodcopbadcop_analysis_surfaces.md: ok,top_a
docs/chaser_epoch_behavior_summary_v2_contract.md,keep,,stage_reference,medium,Defines palette.chaser.epoch_behavior_summary.v2 (kinematics_bouts_v2) semantics that exist in code; short.,,,94,2026-08-10,epoch_behavior_summary.v2: ok; kinematics_bouts_v2: ok,top_a
docs/chaser_escape_events_contract.md,keep,,stage_reference,high,"Live component contract with essential interpretation warnings (gain_mm/recapture_mm, per-valid-min rate); module/runner/tests exist.",,,240,2026-07-23,src/fisheye/analysis/chaser_escape_events.py: ok; fisheye.utils.run_goodcopbadcop_chaser_escape_events: ok; palette.chaser_escape_events.v3: ok,top_a
docs/chaser_gaze_tracking_workflow.md,keep,,stage_reference,medium,Current body-frame gaze-tracking decision and palette.chaser_gaze_tracking.v1 component layout.,,,144,2026-07-17,palette.chaser_gaze_tracking.v1: ok,top_a
docs/chaser_radial_occupancy_contract.md,keep,,stage_reference,high,Live component contract explaining area normalization vs raw histogram; module/runner exist.,,,150,2026-07-14,src/fisheye/analysis/chaser_radial_occupancy.py: ok; src/fisheye/utils/run_goodcopbadcop_chaser_radial_occupancy.py: ok,top_a
docs/chaser_response_regimes_contract.md,keep,,stage_reference,high,"Live component contract (freeze/escape-gain curves, dot-radius floor warning); module/runner exist.",,,140,2026-07-23,src/fisheye/analysis/chaser_response_regimes.py: ok; src/fisheye/utils/run_goodcopbadcop_chaser_response_regimes.py: ok,top_a
docs/chaser_ring_traversal_visualization.md,keep,,,medium,Describes existing visualization module and its interpretive caveats; small.,,,103,2026-07-17,src/fisheye/visualization/chaser_ring_traversal.py: ok,top_a
docs/citrus_stimulus_coordinate_output_contract.md,keep,,external_contracts,high,Live Citrus->Palette stimulus H5 write contract accepted by strict importer; schema id present in code.,,,285,2026-08-05,citrus.stimulus_renderer_snapshot: ok,top_a
docs/clipped_finalized_detect_collection_contract.md,keep,,data_model_store_layout,medium,Active consumer contract for resolving finalized clipped collections; named consumers exist.,,,251,2026-08-27,fisheye.utils.resolve_clipped_refined_detect_collection: ok; recording_frame_index_path: ok,top_a
docs/clipped_inference_dag.md,keep,,how_to_run,medium,Current owner of the registry-pinned clipped inference LSF DAG (fisheye.cluster.clipped_inference); trailing dated dry-run sections could be trimmed.,,,562,2026-08-21,src/fisheye/cluster/clipped_inference.py: ok,top_a
docs/cluster_batching_guide.md,keep,,how_to_run,medium,"Primary operator how-to for LSF batch stages (updated 2026-09-06); scripts/modules referenced largely exist, one legacy eye-mask submit script is gone.",,,1333,2026-09-06,fisheye.* modules referenced: ok; scripts/submit_eye_masks_batches_bsub.sh: missing,top_a
docs/cluster_run_group_artifact_workflow.md,keep,,architecture_data_flow,medium,Owner of scratch-compute -> package -> serialized import pattern; cluster_output_staging and import code exist; header still says 'design' (stale).,,,1084,2026-09-06,cluster_output_staging: ok; run-group import code: ok,top_a
docs/cohort_release_workflow.md,keep,,operator_guide,high,Current registry-defined cohort release query/manifest workflow; palette.cohort_query exists.,,,175,2026-08-16,palette.cohort_query: ok; unambiguous_recording: ok,top_a
docs/compact_array_backed_provenance_contract.md,keep,,authority_acceptance,medium,"Active short provenance principle (metadata explains, arrays hold, digests verify); generally applicable rule.",,,117,2026-08-20,,top_a
docs/composite_crop_storage_contract.md,keep,,data_model_store_layout,medium,Draft but implemented palette.composite_crop v1 schema with operator CLI; crop storage reference.,,,222,2026-08-16,palette.composite_crop: ok,top_a
docs/concentric_omr_stimulus_response_design.md,keep,,stage_reference,low,Only doc for concentric_grating radial_omr metrics that exist in code; dated May 2026 with future work noted.,,,673,2026-05-05,radial_omr: ok,top_a
docs/continuous_points_and_half_open_boxes.md,keep,,data_model_store_layout,medium,Clear explanatory guide to point vs half-open box conventions; durable and onboarding-useful.,,,342,2026-07-24,,top_a
docs/coordinate_metadata_framework.md,keep,,data_model_store_layout,medium,Required coordinate_descriptor framework for normal producers; should own coordinate catalog details too.,,,273,2026-07-20,coordinate_descriptor: ok,top_a
docs/crimson_detect_review_acceptance_contract.md,keep,,authority_acceptance,medium,Implemented review-acceptance write contract via fisheye.utils.set_detect_review_status; an authority write path.,,,142,2026-08-16,fisheye.utils.set_detect_review_status: ok,top_a
docs/crimson_inference_commit_compaction_decision_2026-07-29.md,keep,,external_contracts,medium,"Accepted ownership decision: Crimson drafts/commits, Palette owns compaction/publication; durable boundary rule even though dated.",,,288,2026-07-30,,top_a
docs/crimson_track_motion_read_contract.md,keep,,external_contracts,medium,"Current Palette-side Crimson motion/bout read boundary, production-accepted on Palette side.",,,462,2026-07-25,frame_axis_contract: ok; palette_run_completion_status: ok,top_a
docs/crop_geometry_storage_contract_v1.md,keep,,stage_reference,medium,Current crop-v2 geometry storage contract consumed by DAG; run_reference schema in code. Should absorb crop padding default from Batman audit.,,,385,2026-08-23,palette.crop_geometry.run_reference: ok; palette.zarr_run_completion.v1: ok,top_a
docs/crop_pixel_work_package_contract.md,keep,,stage_reference,medium,Implemented-partial palette.crop_pixel_work_package v1 contract feeding incremental inference.,,,287,2026-08-16,palette.crop_pixel_work_package: ok,top_a
docs/cross_recording_analytics_export_design.md,keep,,architecture_data_flow,medium,Active owner of Zarr-authoritative / Parquet-derived export design (12 inbound); should absorb per-table Arrow checkpoints as an index.,,,846,2026-07-23,src/fisheye/analytics_exports/arrow_contracts.py: ok,top_a
docs/current_pipeline_contract.md,keep,,architecture_data_flow,high,"Active short current-state pipeline contract (20 inbound), states eye-mask retirement consistent with AGENTS.md; prime seed for start_here/architecture.",,,351,2026-08-27,subject_mask_runs / eye_masks_runs retired wording matches AGENTS.md: ok; docs/analytics_storage_schema_matrix.md link: ok,top_a
docs/dask_zarr_write_safety.md,keep,,agent_coordination,high,Named by AGENTS.md as required reading before modifying Dask Zarr writers; rule is current.,,,352,2026-07-16,AGENTS.md reference: ok,top_a
docs/dataset_reporting_contract.md,keep,,stage_reference,medium,Contract for fisheye.reporting planner (catalog/discovery/execution/montage exist) and core_behavior.v1 provider.,,,343,2026-08-16,src/fisheye/reporting/: ok; core_behavior.v1: ok,top_a
docs/derived_analysis_run_contract.md,keep,,data_model_store_layout,high,"Active shared contract for analysis/ run semantics (sources, axes, validity, staleness), 21 inbound.",,,500,2026-08-16,fingerprint_status: ok,top_a
docs/design/2026-09-23-recording-identity/README.md,keep,,data_model_store_layout,medium,Live draft design (v2 id landed; arena-experiment binding/grouping key open); builds on queue RID-001.,,,215,2026-09-23,source_recording_<sha256> v2 id + transfer-v2 intake: ok (registry/recording_identity_authority.py),other
docs/design/2026-09-23-unified-h5-legacy-adapter/README.md,keep,,external_contracts,medium,In-progress design; header says 'not yet built' but D14 reference storage (d169dc16) and legacy subject-metadata projection (a7e506d9) landed; header needs a status refresh. Best field-mapping source for unified H5.,,,374,2026-09-23,analysis/unified_stimulus_import.py: ok; shared/unified_h5/reference.py: ok,other
docs/design/2026-09-23-unified-h5-legacy-adapter/interrupted_legacy_sessions.md,keep,,,medium,Supporting evidence for D5 inside the design dir (convention keeps supporting material beside README).,,,52,2026-09-23,,other
docs/design/2026-09-23-unified-h5-legacy-adapter/step_consumer_audit.md,keep,,,medium,Supporting audit for D5 within design dir.,,,179,2026-09-23,,other
docs/design/2026-09-24-background-apply-effects/README.md,keep,,stage_reference,high,Accepted and implemented (background apply-effects worker exists); current labeling Apply behavior.,,,207,2026-09-24,labeling/web_subject_mask_apply_effects_worker.py: ok,other
docs/design/2026-09-24-row-scoped-staleness/README.md,keep,,,medium,Accepted 2026-09-24 but adoption step 1 not started (no source_row_revision/footprints in src); keep as open accepted design; status header should say not implemented.,,,142,2026-09-24,source_row_revision: missing; pending_generation: missing,other
docs/design/2026-09-24-unified-h5-reference-storage/README.md,keep,,external_contracts,medium,Header 'not started' is stale: implemented in d169dc16 (shared/unified_h5/reference.py; native byte-copy storage gone). Keep as the design record of current storage; refresh status to accepted/implemented.,,,168,2026-09-24,"shared/unified_h5/reference.py: ok; unified_h5_native_storage@1 in src: missing (removed, as planned)",other
docs/design/2026-09-25-review-archive-sharding/README.md,keep,,,high,Accepted and implemented as successor format v2 (reference_crop_sharded policy in recovered_training_review_contract.py).,,,105,2026-09-25,reference_crop_sharded policy in shared/recovered_training_review_contract.py: ok,other
docs/design/2026-09-25-tail-successor-crop-reference/README.md,keep,,,high,Accepted and implemented jointly with sharding (successor v2).,,,100,2026-09-25,mask_tail_apply_refresh module: ok; reference_crop policy: ok,other
docs/design/2026-09-26-head-anchored-upgrade-scope/README.md,keep,,,high,Accepted and implemented: v3 policy id and legacy_first_head_anchored_fallback_v1 present.,,,57,2026-09-26,new_mask_seed_and_review_version_reference_crop_sharded_head_anchored_fallback_v3: ok; legacy_first_head_anchored_fallback_v1 in training/mask_tail_apply_refresh.py: ok,other
docs/design/2026-09-26-labeling-frontend-review/README.md,keep,,,high,Accepted in part and in progress (Preact/htm vendored and used by static/js pages; CSP open).,,,94,2026-09-27,static/vendor/preact.module.js: ok; preact imported by static/js/queue_page.js: ok,other
docs/design/2026-10-06-canonical-subject-fields/README.md,keep,,external_contracts,medium,"Header 'Nothing is implemented yet' is stale: steps 1-3 landed (shared/subject_fields.py, 748eeec2 registry projection, aa8ef01a writers). Keep as live design; refresh status.",,,138,2026-10-06,src/fisheye/shared/subject_fields.py: ok; git log shows steps 2-3 merged: ok,other
docs/design/2026-10-06-mask-rotation-risk/README.md,keep,,,medium,Fresh measured evidence for an open Rotate-tool decision; nothing built; keep under design until decided.,,,96,2026-10-06,rotate tool in src: missing (as stated),other
docs/design/README.md,keep,,agent_coordination,high,Defines the current design-doc convention; points work status to the authority queue.,,,17,2026-09-23,docs/diagnostics/authority_consolidation_work_queue_2026-08-25.md: ok,other
docs/detect_frame_decision_storage_contract_v1.md,keep,,stage_reference,high,"Implemented editable reviewed-empty-frame contract (detect_frame_decision_runs, palette.detect_frame_review.v1); short and current.",,,84,2026-08-09,detect_frame_decision_runs: ok; palette.detect_frame_review.v1: ok,top_a
docs/detect_quality_collection_reconciliation_contract.md,keep,,stage_reference,medium,Contract for modern palette.detect_quality_collection.v2 writer under detect_quality_runs.,,,156,2026-07-15,palette.detect_quality_collection.v2: ok,top_a
docs/detection_data_profile_schema_contract.md,keep,,,medium,Implemented detection profile/data-card schema; notes retired sync CLI correctly; referenced helpers exist.,,,415,2026-08-16,fisheye.registry.maintenance: ok; fisheye.shared.run_lineage_fingerprint: ok,top_a
docs/detection_merged_export_contract.md,keep,,stage_reference,medium,Active merged detection-training export contract; CLI flags exist in export_detect_training_zarr.,,,246,2026-08-16,--include-rgb in fisheye.utils.export_detect_training_zarr: ok,top_a
docs/detection_publication_contract.md,keep,,authority_acceptance,high,"Self-declared authoritative detection publication contract, short; build_detection_candidate exists.",,,85,2026-08-16,fisheye.shared.detection_candidate.build_detection_candidate: ok; docs/recording_analysis_pipeline_contract.md link: ok,top_a
docs/detection_refinement_workflow.md,keep,,how_to_run,high,Current operator detect->quality->refine->review sequence with commands; all referenced modules exist.,,,303,2026-08-09,fisheye.refinement.refine_detect: ok; fisheye.utils.accept_detect_review: ok; fisheye.utils.review_detect_batch: ok,top_a
docs/diagnostics/authority_acceptance_implementation_checklist_2026-08-27.md,keep,,authority_acceptance,high,AGENTS.md names it as the checklist for review/acceptance/authority changes; 96 open items,,,499,2026-09-23,keypoint_bundle_authority: ok (8 src files); subject_mask_authority: ok; latest_complete: ok,diagnostics
docs/diagnostics/authority_consolidation_work_queue_2026-08-25.md,keep,,agent_coordination,high,"AGENTS.md-named live queue; owns GOV/ADM/INGEST/RID/RES ids, last changed 2026-09-24; many items open/in_progress",,,841,2026-09-24,finalize_keypoint_shards: ok (7 files); subject_mask_authority: ok,diagnostics
docs/diagnostics/batman_keypoint_recording_allocation_20260807.md,keep,,,medium,Frozen session-level train/eval allocation; companion to JSON authority read by test_batman_keypoint_recording_allocation.py; guards leakage,,,129,2026-08-09,test reads batman_keypoint_recording_allocation_20260807.json: ok,diagnostics
docs/diagnostics/parent_intake_synthetic_canary_2026-09-07/README.md,keep,,,medium,Evidence package whose evidence/ dir is read by tests/unit/fisheye/test_parent_intake_canary_package.py; cannot move without test change,,,83,2026-09-07,test path docs/diagnostics/parent_intake_synthetic_canary_2026-09-07/evidence: ok,diagnostics
docs/diagnostics/publication_receipt_hashing_lifecycle_2026-08-29.md,keep,,authority_acceptance,medium,Design decision that governs new publication work; validated_behavior and keypoint docs apply it; no other owner,,,590,2026-09-04,receipt_backed: ok (4 src files),diagnostics
docs/diagnostics/rig_characterization_2026-07-24.md,keep,,external_contracts,medium,Measured rig sensor/illumination/encoder/colour-range facts with no other owner; needed by acquisition-side work,,,684,2026-08-01,../raw_video_storage_tiering_proposal.md link target: ok,diagnostics
docs/diagnostics/zarr_detection_schema_inventory.md,keep,,data_model_store_layout,high,Generated by fisheye.diagnostics.zarr_detection_schema_inventory (DETECTION_SUMMARY_OUTPUT) with test coverage,,,294,2026-09-18,DETECTION_SUMMARY_OUTPUT path in generator: ok,diagnostics
docs/diagnostics/zarr_storage_census_summary.md,keep,,data_model_store_layout,high,Generated by fisheye.diagnostics.zarr_storage_census; CI runs --check (.github/workflows/ci.yml:27),,,121,2026-10-06,SUMMARY_OUTPUT in zarr_storage_census.py: ok; ci.yml --check: ok,diagnostics
docs/environment_setup.md,keep,,how_to_run,high,Current conda env + scripts/py setup how-to; environment.yml points at it,,,152,2026-05-28,environment.yml: ok; scripts/py searches miniforge3 path: ok,top_b
docs/experiment_setup_contract.md,keep,,data_model_store_layout,high,Canonical subject_metadata_runs/experiment_setup_runs contract for new imports; matches code,,,213,2026-08-09,src/fisheye/shared/experiment_setup.py: ok; experiment_setup_runs: ok; palette.experiment_setup.v2 in zarr_structure.md: ok,top_b
docs/eye_angle_variants.md,keep,,stage_reference,high,User-facing guide to which eye-angle fields to use; schema registry it cites exists,,,398,2026-08-03,eye_angle_variant_schema: ok (8 files); src/fisheye/docs/eye_angle_conventions.md: ok,top_b
docs/eye_axis_half_plane_margin.md,keep,,,medium,Teaching primer for the eye-axis flip rule; companion animation exists,,,149,2026-08-03,apps/manim/gaze_flip_rule.py: ok,top_b
docs/eye_trace_samples_export_contract_v1_2026-08-04.md,keep,,stage_reference,medium,"Live owner of the eye_trace_samples Parquet query-product contract (implemented, non-default)",,,146,2026-08-04,eye_trace_samples: ok (9 files),top_b
docs/geometry_review_web_operations.md,keep,,operator_guide,high,Operator how-to for apps/marimo/geometry_review.py approval workflow,,,270,2026-08-13,apps/marimo/geometry_review.py: ok; fisheye.utils.scan_geometry_review_notifications: ok,top_b
docs/goodcopbadcop_analysis_surfaces.md,keep,,stage_reference,medium,Read guide for per-recording chaser run chain; all cited modules exist,,,252,2026-07-23,6 cited module paths: ok,top_b
docs/goodcopbadcop_coordinate_frame_workflow.md,keep,,stage_reference,medium,Coordinate-frame contract for chaser distance metrics; cited writer exists,,,357,2026-06-24,src/fisheye/analysis/chaser_distance_runs.py: ok,top_b
docs/instance_track_subject_identity_contract.md,keep,,data_model_store_layout,high,Authoritative identity contract (instance/track/subject); keys exist in code,,,212,2026-08-16,instance_key: ok (249 files); source_rowset_fingerprint: ok,top_b
docs/keyed_downstream_compaction_contract.md,keep,,stage_reference,medium,Implemented keyed reuse contract for raw keypoints/masks,,,199,2026-07-18,source_row_signature: ok,top_b
docs/keypoint_data_profile_schema_contract.md,keep,,stage_reference,medium,Implemented profile artifact + registry table contract,,,345,2026-08-16,keypoint_data_profile table in registry/migrations.py: ok,top_b
docs/keypoint_derived_metric_schema_contract.md,keep,,stage_reference,low,Partial implementation; last verified 2026-03; metric_schema module exists,,,422,2026-08-16,src/fisheye/pose/metric_schema.py: ok,top_b
docs/keypoint_heading_computation_contract.md,keep,,stage_reference,high,"Active, implemented heading metadata contract (11 doc refs)",,,401,2026-08-16,heading_computation: ok (24 files),top_b
docs/keypoint_late_correction_contract.md,keep,,stage_reference,low,"Implemented flag/nudge contract, but stale-marking sections cite removed eye-mask modules; needs eye-mask parts updated to subject masks",,,174,2026-08-16,keypoint_frame_flags.json: ok; fisheye.utils.resolve_eye_mask_stale: missing,top_b
docs/keypoint_review_policy.md,keep,,stage_reference,medium,Current refined-keypoint review/reason_bytes policy (load-bearing refs are argument-name false positives),,,69,2026-07-23,reason_bytes: ok,top_b
docs/keypoint_storage_contract_v2.md,keep,,stage_reference,high,Live owner of keypoint v2/body-frame/QC storage contract,,,853,2026-08-16,palette.stage.keypoint_observations in shared/zarr/keypoint_schema.py: ok,top_b
docs/keypoint_training_data_card_contract.md,keep,,stage_reference,high,Active implemented data-card contract,,,195,2026-08-16,fisheye.utils.aggregate_keypoint_training_data_card: ok,top_b
docs/keypoint_training_workflow.md,keep,,how_to_run,high,Operator training how-to; all 10 cited modules exist,,,328,2026-09-15,fisheye.utils.run_keypoint_training_pipeline: ok; fisheye.training.train_pose: ok,top_b
docs/kinematics_samples_export_contract_v1_2026-08-04.md,keep,,stage_reference,medium,Live owner of generic kinematics samples Parquet contract,,,169,2026-08-04,6 cited modules: ok,top_b
docs/kinematics_zarr_access_guide.md,keep,,how_to_run,high,Intern/new-user reader guide; every cited reader function exists,,,298,2026-07-17,load_track_kinematics_track: ok; load_swim_bout_tables: ok; resolve_bout_kinematics_tables: ok,top_b
docs/lsf_submission_framework_design.md,keep,,architecture_data_flow,medium,LSF kernel/planner architecture; Phases 1-2 implemented; 16 cited modules exist,,,974,2026-07-27,src/fisheye/cluster/lsf: ok; docs/cluster_batching_guide.md: ok,top_b
docs/manual_add_row_propagation_design.md,keep,,,medium,Target design still cited as foundation by accepted docs/design/2026-09-24-row-scoped-staleness,,,352,2026-07-08,cited by docs/design/2026-09-24-row-scoped-staleness/README.md: ok,top_b
docs/marimo_explorer_architecture.md,keep,,architecture_data_flow,high,Current (2026-09-04) explorer architecture; renderer registry exists,,,378,2026-09-04,apps/marimo/components/registry.py: ok,top_b
docs/megabouts_direct_integration_design.md,keep,,stage_reference,medium,Cited from megabouts_classifier_inputs.py; adapters implemented,,,1164,2026-05-03,src/fisheye/analysis/megabouts_classifier.py: ok,top_b
docs/moving_grating_downstream_prerequisites.md,keep,,operator_guide,low,Short operator checklist for an existing runner script,,,97,2026-05-03,scripts/run_moving_grating_downstream_pipeline.sh: ok,top_b
docs/mutable_review_runs_contract.md,keep,,authority_acceptance,high,"Compatibility contract for mutable surfaces, recent (2026-09-19), 12 doc refs",,,418,2026-09-19,docs/tabular_delta_compaction_contract.md: ok,top_b
docs/native_detection_production_integration.md,keep,,stage_reference,low,Implemented selector-ineligible native-detection publication boundary; open gates listed,,,238,2026-08-21,fisheye.cluster.native_detection.build_native_detection_fragment: not a module path (unverified),top_b
docs/numerical_reproducibility_in_scientific_hpc.md,keep,,,medium,Evergreen policy guide on numerical equality rules,,,311,2026-07-24,,top_b
docs/omr_stimulus_response_design.md,keep,,stage_reference,medium,OMR metrics inside stimulus_response_runs; implemented modules exist,,,786,2026-07-17,src/fisheye/analysis/stimulus_response_omr.py: ok,top_b
docs/operator_guide/h5_diagnostics.md,keep,,operator_guide,medium,Current operator how-to for fisheye.diagnostics.h5; 5 /nvme1 example paths are stale (store is /groups).,,,324,2026-09-06,src/fisheye/diagnostics/h5: ok; /nvme1 examples: stale,other
docs/operator_guide/pipeline_workflow.md,keep,,how_to_run,medium,"README's named workflow guide; all cited fisheye.utils batch modules exist. Stale: links organize_recordings.md (moved to docs/archive/organize_recordings_operator_guide.md), 12 /nvme1/recordings paths, and it references legacy core/pipeline.py; needs a rewrite pass to become how_to_run core.",,,678,2026-09-06,fisheye.utils.run_recording_analysis_pipeline: ok; fisheye.utils.crop_batch/refine_detect_batch/detect_quality_batch: ok; docs/operator_guide/organize_recordings.md: missing; docs/current_pipeline_contract.md: ok,other
docs/operator_guide/sampled_import.md,keep,,operator_guide,medium,Current training-frame import how-to with many code refs; all cited modules exist; /nvme1 example paths stale.,,,476,2026-09-06,fisheye.utils.import_recordings_training: ok; fisheye.utils.intake_video_only_recording: ok; fisheye.utils.publish_sampled_training_base: ok,other
docs/operator_guide/training_data.md,keep,,operator_guide,medium,Main training how-to (20 inbound refs; scripts/check_training_membership.py etc. cite it); all cited modules exist; 27 /nvme1 paths stale.,,,825,2026-08-09,fisheye.training.train_pose: ok; fisheye.utils.export_keypoint_training_zarr: ok; fisheye.utils.prepare_subject_mask_training_from_registry: ok; /nvme1 paths: stale,other
docs/operator_guide/tuning_and_masks.md,keep,,operator_guide,medium,"Current tuning how-to; cited tuners exist (mask_tuner, subject_mask_tuner, swim_bladder_mask_tuner); 18 /nvme1 paths stale.",,,459,2026-07-04,fisheye.tune.mask_tuner: ok; fisheye.tune.subject_mask_tuner: ok; fisheye.tune.refined_subject_mask_review: ok,other
docs/operator_guide/video_diagnostics.md,keep,,operator_guide,medium,Current how-to for fisheye.diagnostics.video; /nvme1 examples stale. Sibling of h5_diagnostics (could later merge into one diagnostics guide).,,,332,2026-09-06,src/fisheye/diagnostics/video: ok,other
docs/orange_rolling_clip_recording_contract.md,keep,,external_contracts,medium,Orange rolling-clip ingest contract; all 9 cited utilities exist (status line 'specified-only' is stale),,,926,2026-08-21,fisheye.utils.build_recording_frame_index: ok; fisheye.utils.plan_orange_style_clips: ok,top_b
docs/orange_runtime_video_artifact_contract.md,keep,,external_contracts,low,Orange external_ipc video artifact contract; verify against unified-H5 v2 intake,,,159,2026-08-13,,top_b
docs/palette_analytics_app_deployment.md,keep,,operator_guide,high,Current pixi/FileGlancer launch how-to; matches pixi.toml tasks,,,162,2026-07-14,pixi.toml app/recording-app/zarr-workspace tasks: ok; scripts/run_group_analytics_app.sh: ok,top_b
docs/pipeline_metadata_boundaries.md,keep,,agent_coordination,medium,Short rule for where metadata belongs (provenance vs contract vs code),,,68,2026-07-17,,top_b
docs/plot_visualization_artifact_contract.md,keep,,stage_reference,medium,Plot artifact persistence contract; plot_artifacts used in 20 files,,,317,2026-05-10,plot_artifacts: ok,top_b
docs/pose_heuristic_profile_contract.md,keep,,stage_reference,medium,Implemented packaged heuristic profile contract,,,406,2026-08-16,src/fisheye/pose/heuristics.py: ok,top_b
docs/position_body_frame_and_motion_provider_design.md,keep,,stage_reference,medium,Live owner of position-provider design (updated 2026-09-10),,,1002,2026-09-10,detection_bbox_centroid.v1 in position_body_frame_motion.py: ok,top_b
docs/production_dag_recording_layout_design.md,keep,,architecture_data_flow,medium,Accepted production DAG direction; clipped_inference modules exist,,,473,2026-07-27,src/fisheye/cluster/clipped_inference.py: ok,top_b
docs/protocol_semantic_step_identity_contract.md,keep,,external_contracts,medium,Active semantic step identity contract (verified 2026-08-25),,,208,2026-08-25,semantic_step: ok (16 files),top_b
docs/provenance_checks.md,keep,,operator_guide,high,"How-to for the three provenance diagnostics, all exist",,,131,2026-05-28,fisheye.diagnostics.check_full_provenance: ok; fisheye.diagnostics.check_provenance_capture: ok,top_b
docs/provenance_contract_draft.md,keep,,data_model_store_layout,medium,Run-level provenance contract v1 (partial); owner for provenance fields,,,173,2026-08-16,,top_b
docs/realtime_sparse_row_index_contract.md,keep,,data_model_store_layout,medium,CSR frame_index contract; row_start/track_index present in code,,,313,2026-08-16,row_start: ok (35 files); track_index: ok,top_b
docs/recording_analysis_pipeline_contract.md,keep,,how_to_run,high,Active operator-first per-recording pipeline contract (verified 2026-09-06),,,384,2026-09-06,13 cited modules: ok; docs/current_pipeline_contract.md: ok,top_b
docs/recording_artifact_inventory_contract.md,keep,,how_to_run,high,Contract for `palette artifacts` inventory output,,,148,2026-07-05,palette artifacts subcommand: ok,top_b
docs/recording_behavior_distribution_successor_2026-09-03.md,keep,,stage_reference,low,Contract for recording distribution component now on main; 'not merge-ready' status line is stale,,,226,2026-09-03,src/fisheye/group_statistics/recording_behavior_distributions.py: ok,top_b
docs/recording_bound_geometry_import_and_validation_design.md,keep,,external_contracts,medium,Owner of recording-bound dish geometry design; phases 0-6 implemented,,,1040,2026-08-13,fisheye.shared.recording_geometry: ok; fisheye.utils.recover_recording_geometry: ok,top_b
docs/recording_manifest_contract.md,keep,,external_contracts,medium,Active recording_manifest.json ingest contract; one cited helper missing,,,544,2026-09-06,fisheye.utils.validate_recording_manifest: ok; fisheye.utils.draft_video_only_organizer_manifest: missing,top_b
docs/recording_status_page_deployment.md,keep,,operator_guide,high,Runbook printed by serve_recording_status_page and asserted in tests,,,196,2026-03-28,src/fisheye/utils/serve_recording_status_page.py cites it: ok,top_b
docs/recording_subject_trait_contract.md,keep,,data_model_store_layout,medium,Active pigmentation/trait contract,,,106,2026-08-16,pigmentation: ok,top_b
docs/refined_detect_sparse_instances_schema.md,keep,,stage_reference,high,Active refined_detect_runs instances schema,,,544,2026-07-15,frame_offsets: ok; resolved_refined_row_id: ok; source_kind_codes: ok,top_b
docs/refined_detection_delta_v2_contract.md,keep,,stage_reference,medium,Successor detection delta contract named by tabular_delta_compaction_contract,,,324,2026-07-27,palette.refined_detection.delta: ok,top_b
docs/refined_detection_storage_contract_v1.md,keep,,stage_reference,medium,Frozen immutable refined-detection snapshot contract; executable schema files exist,,,592,2026-08-09,shared/zarr/refined_detection_schema.py: ok; refined_detection_manifest.py: ok,top_b
docs/refined_subject_masks_runs_contract.md,keep,,stage_reference,high,Owner of refined subject-mask contract; dense masks_roi authority matches AGENTS.md,,,1550,2026-08-16,masks_roi: ok; edit_applied: ok; subject_mask_authority: ok,top_b
docs/registered_pose_model_package_promotion.md,keep,,operator_guide,high,Current how-to for relocating a registered pose run; module exists.,,,37,2026-09-15,fisheye.utils.promote_registered_pose_model: ok; scripts/backup_palette_registry.sh named in AGENTS: ok,top_c
docs/registry_browser/README.md,keep,,operator_guide,high,README for the Datasette browser assets beside it; registry TUI/status page cited exist. Its 'pip install datasette' line conflicts with AGENTS no-install rule only as user guidance.,,,207,2026-08-16,fisheye.utils.registry_tui: ok; fisheye.utils.serve_recording_status_page: ok; docs/registry_browser/datasette-metadata.yaml: ok,other
docs/registry_data_governance_policy.md,keep,,data_model_store_layout,medium,Registry-as-index vs Zarr-as-authority policy and deletion rules; still the stated governance.,,,250,2026-08-21,fisheye.registry.prune_stale_datasets: ok,top_c
docs/registry_schema_reference.md,keep,,data_model_store_layout,high,"Auto-generated and CI/test-checked schema reference; reference material, not narrative core.",,,11712,2026-09-26,scripts/generate_registry_schema_reference.py: ok; migration 74 header present: ok,top_c
docs/registry_stimulus_metadata_backfill.md,keep,,operator_guide,medium,Current backfill + cluster workflow for normalized stimulus registry tables.,,,127,2026-08-25,fisheye.registry.stimulus_metadata_backfill: ok; scripts/submit_stimulus_metadata_backfill_bsub.sh: ok,top_c
docs/registry_visualization_montages.md,keep,,,high,Short current how-to; referenced from fisheye.montage code.,,,78,2026-07-12,src/fisheye/montage: ok; --list-plot-types: ok,top_c
docs/review_proxy_video_contract.md,keep,,stage_reference,high,"Active, verified 2026-08-27 contract for derived browser review proxies.",,,215,2026-08-27,fisheye.utils.build_review_proxy_videos: ok; scripts/submit_review_proxy_videos_bsub.sh: ok; fisheye.tune.video_detect_review_web: ok,top_c
docs/run_lineage_dag_inspector.md,keep,,operator_guide,medium,Implemented read-only lineage debugging tool doc.,,,170,2026-05-11,fisheye.utils.inspect_run_lineage_graph: ok,top_c
docs/run_resolution_semantics.md,keep,,authority_acceptance,medium,Defines AUTHORITATIVE/LATEST_COMPLETE/INVENTORY_LATEST/SOURCE_MATCH; status says proposed but enum is implemented; line-number refs may drift.,,,119,2026-07-23,src/fisheye/shared/run_resolution.py RunResolution enum: ok,top_c
docs/sampled_training_detection_source_contract.md,keep,,stage_reference,medium,Short implemented reader contract for sampled_detection_runs.,,,70,2026-08-06,sampled_detection_runs in src: ok (2 files),top_c
docs/session_context.md,keep,,external_contracts,medium,Acquisition session-context field contract; core input for external contracts (code LB refs are attr-name matches).,,,81,2026-08-10,registry/db.py _extract_session_context reads analysis_metadata.session_context: ok,top_c
docs/shared_analytics_exports_and_cluster_jobs.md,keep,,how_to_run,medium,Decision on shared analytics root and cluster submission; current.,,,195,2026-08-10,scripts/submit_analytics_export_bsub.sh: ok; palette_analytics path in src: ok,top_c
docs/shared_coordinate_storage_contract_v1.md,keep,,data_model_store_layout,medium,Coordinate meaning per product; consumer adoption still pending per its status.,,,153,2026-07-28,fisheye.shared.coordinate_surface_contract: ok; fisheye.shared.zarr.coordinate_contracts: ok,top_c
docs/source_video_metadata_contract.md,keep,,data_model_store_layout,high,Current schema and locator contract.,,,114,2026-07-22,palette.source_video_metadata.v2 in src: ok; fisheye.shared.source_video_metadata.resolve_source_video: ok,top_c
docs/spatial_occupancy_zone_summary_design.md,keep,,stage_reference,low,Draft design but zone sets appear implemented in detection_occupancy_runs; status line stale.,,,248,2026-06-21,zone_set in src: ok; quadrants_v1 in src: ok,top_c
docs/stimulus_coordinate_contract.md,keep,,external_contracts,high,"Live canonical-only stimulus coordinate rule, 32 inbound incl. code; title 'Future' is misleading.",,,91,2026-07-24,--metadata-and-calibration-only in src: ok; src/fisheye/shared/stimulus_coordinate_contract.py: ok,top_c
docs/stimulus_epoch_run_contract.md,keep,,stage_reference,medium,Per-recording epoch window surface; status draft/partial is stale-ish but code matches.,,,131,2026-08-16,fisheye.analysis.stimulus_epoch_runs: ok; plot_detection_epoch_heatmaps.resolve_stimulus_event_windows: ok,top_c
docs/stimulus_response_run_design.md,keep,,stage_reference,medium,"Owner of stimulus_response_runs; 998 lines, needs trimming once siblings merge in.",,,998,2026-07-23,fisheye.analysis.stimulus_response: ok,top_c
docs/subject_body_mask_qc_design.md,keep,,stage_reference,medium,Implemented-initial body-mask QC contract.,,,239,2026-06-21,fisheye.refinement.subject_body_mask_qc: ok,top_c
docs/subject_mask_registry_contract.md,keep,,stage_reference,low,"Registry tables exist; doc says draft, last_verified 2026-03-10, needs refresh.",,,497,2026-08-16,subject_mask_component_quality/data_profile tables in registry_schema_reference: ok,top_c
docs/subject_mask_runs_contract.md,keep,,stage_reference,medium,Owner of subject_mask_runs; title still 'Draft v1'.,,,720,2026-08-23,subject_mask_runs in src: ok; masks_roi in src: ok,top_c
docs/subject_mask_training_artifact_contract.md,keep,,stage_reference,high,"Active, verified 2026-09-30.",,,717,2026-09-29,subject_mask training export/U-Net in src/fisheye/segmentation: ok,top_c
docs/subject_mask_tuning_workflow.md,keep,,operator_guide,low,April operator workflow; tools exist but includes transitional eye-sourcing steps to prune.,,,586,2026-04-25,fisheye.tune.subject_mask_tuner: ok; fisheye.segmentation.subject_segmentation: ok,top_c
docs/subject_metadata_identity_corrections.md,keep,,external_contracts,low,Design boundary (no publisher); should be reconciled with docs/design/2026-10-06-canonical-subject-fields.,,,114,2026-08-03,,top_c
docs/subject_position_storage_contract_v1.md,keep,,stage_reference,medium,Active contract verified 2026-08-20.,,,297,2026-08-20,subject_position in src: ok,top_c
docs/subject_shape_runs_contract.md,keep,,stage_reference,high,"Active owner, verified 2026-08-03 (1095 lines; trim).",,,1095,2026-08-29,subject_shape_runs in src: ok,top_c
docs/swim_bladder_polar_boundary_design.md,keep,,stage_reference,low,Implemented traditional swim-bladder method; niche.,,,318,2026-04-01,polar method in segmentation/swim_bladder_segmentation.py: ok,top_c
docs/swim_bout_peak_event_detector_design.md,keep,,stage_reference,medium,First slice implemented; additive detector design.,,,534,2026-05-10,peak_event in src: ok,top_c
docs/tabular_delta_compaction_contract.md,keep,,authority_acceptance,medium,Live keypoint-v2 delta/partition contract; detection v1 parts are historical.,,,316,2026-08-09,fisheye.shared.tabular_deltas: ok; fisheye.shared.zarr.refined_keypoint_manifest: ok,top_c
docs/tail_kinematics_run_design.md,keep,,stage_reference,medium,Active owner of tail_kinematics_runs.,,,720,2026-07-23,fisheye.analysis_workflows.materializers.tail_kinematics: ok,top_c
docs/tail_trace_samples_export_contract_v1_2026-08-04.md,keep,,stage_reference,low,Only owner of an implemented Parquet export contract; dated name.,,,155,2026-08-04,tail_trace_samples in src: ok,top_c
docs/tracking_runs_contract_status.md,keep,,stage_reference,medium,Owner for implemented tracking_runs; absorb single-subject and unassigned-row docs.,,,283,2026-07-09,fisheye.tracking.build_tracking (api): ok,top_c
docs/traditional_v3_keypoint_schema.md,keep,,stage_reference,low,Schema spec for v3 skeleton; adoption extent unclear.,,,115,2026-06-25,traditional_v3 in src: ok,top_c
docs/training/native_mask_tail_review.md,keep,,operator_guide,high,"Current how-to for an existing module, cited by integration test and contract module.",,,64,2026-09-19,fisheye.training.native_mask_tail_review: ok,other
docs/training/recovered_mask_tail_review.md,keep,,operator_guide,high,Current how-to for recover_merged_subject_masks + successor formats v1-v3; cited by recovered_training_review_contract.py.,,,181,2026-09-25,fisheye.training.recover_merged_subject_masks: ok; fisheye.training.mask_tail_apply_refresh: ok,other
docs/training_data_workflow.md,keep,,how_to_run,medium,"Main training workflow; modules exist; long, trim.",,,776,2026-08-09,fisheye.training.export_detection: ok; fisheye.diagnostics.prepare_detect_training: ok; fisheye.tune.detect_review: ok,top_c
docs/training_image_profile_schema_contract.md,keep,,stage_reference,medium,Implemented profile contract.,,,144,2026-08-16,fisheye.utils.training_image_profile: ok,top_c
docs/training_quality_gate_contract.md,keep,,stage_reference,low,Gate vocabulary; some named helpers no longer exist; verify before core.,,,371,2026-08-16,excluded_by_quality_filters: ok; _choose_profile_candidate: missing,top_c
docs/training_response_classification.md,keep,,,medium,Implemented downstream analytics; referenced by code/tests.,,,256,2026-08-10,src/fisheye/training_response/contracts.py: ok,top_c
docs/unified_h5_native_import.md,keep,,external_contracts,high,Current Citrus unified H5 import how-to.,,,85,2026-09-24,--source-profile unified_experimental_h5_v1: ok; --finalization-receipt: ok,top_c
docs/validated_behavior_cohort_export_implementation_design_2026-08-31.md,keep,,,medium,Live owner of validated-behavior exports; absorb successors.,,,1328,2026-09-04,fisheye.analytics_exports.validated_behavior_dataset: ok,top_c
docs/video_pixel_model_input_contract.md,keep,,data_model_store_layout,high,Active pixel/model-input contract referenced by code.,,,208,2026-08-16,src/fisheye/shared/grayscale.py: ok,top_c
docs/virtual_collection_manifest_schema.md,keep,,data_model_store_layout,medium,Cohort boundary schema; implemented builder.,,,692,2026-07-13,fisheye.utils.build_virtual_collection_manifest: ok,top_c
docs/web_labeling_deployment_runbook.md,keep,,operator_guide,medium,Current labeling ops runbook (1859 lines; trim).,,,1859,2026-09-24,scripts/check_labeling_web_readiness.sh: ok,top_c
docs/web_labeling_production_decision_record.md,keep,,operator_guide,high,Validated by readiness script.,,,173,2026-06-24,scripts/check_labeling_production_decision_record.py: ok,top_c
docs/zarr_payload_validation_receipt_contract.md,keep,,authority_acceptance,medium,Receipt contract; 'current production disposition' section is a dated snapshot.,,,215,2026-07-25,zarr_payload_receipt in src: ok,top_c
docs/zarr_run_completion_contract.md,keep,,authority_acceptance,high,Active completion contract.,,,229,2026-08-01,palette_run_completion_contract in src: ok,top_c
docs/zebrobot_snapshot.md,keep,,external_contracts,medium,MetaZebrobot snapshot contract referenced by code; verify versions vs v3 schema.,,,189,2026-08-03,src/fisheye/shared/contracts/citrus_zebrobot_snapshot_v3.schema.json: ok; doc example schema_version 1: possibly stale,top_c
playgrounds/heartrate_stabilization/README.md,keep,,,medium,README beside live playground scripts; heartrate work concluded (final decision doc) so not core; could move with the playground if it is retired.,,,1428,2026-07-23,playground analyze_*.py scripts: ok; docs/heartrate_final_decision_2026-07-12.md: ok,other
src/fisheye/docs/detection.md,keep,,stage_reference,medium,Current detect-quality label reference (detect_quality + detect_quality_collection).,,,236,2026-07-15,fisheye.refinement.detect_quality_collection: ok; docs/detect_quality_collection_reconciliation_contract.md: ok,other
src/fisheye/docs/eye_angle_conventions.md,keep,,stage_reference,medium,Current eye-angle layout/convention reference; v7 run schema matches zarr_structure.md.,,,269,2026-08-03,eye_angle_runs schema_version 7 in zarr_structure.md: ok; eye_angle_analysis._process_chunk: ok,other
src/fisheye/docs/zarr_structure.md,keep,,data_model_store_layout,medium,"The Zarr v3 layout reference (2,910 lines), cited by schema.py and ratchet baseline; still carries large eye_masks_runs/refined_eye_masks_runs sections that should be marked legacy; too big for core as-is but the primary source.",,,2910,2026-09-26,src/fisheye/shared/zarr/schema.py cites it: ok; analysis.eye_angle_runs schema_version 7: ok,other
src/fisheye/labeling/static/vendor/README.md,keep,,,high,Provenance/license table for vendored JS beside the files; tested by test_labeling_static_vendor.py.,,,42,2026-09-28,preact.module.js/htm.module.js present: ok; labeling/web_static.py: ok,other
src/fisheye/shared/contracts/README.md,keep,,external_contracts,high,Pin table for vendored Orange/Citrus schemas beside them.,,,11,2026-10-06,orange_recording_subject_reference_v2.schema.json: ok; citrus_zebrobot_snapshot_v3.schema.json: ok,other
src/fisheye/shared/unified_h5/contracts/README.md,keep,,external_contracts,high,Pin table for Citrus unified-H5 contracts; schema.py verifies SHA-256.,,,48,2026-09-29,schema.py CONTRACT_HASHES sha256 check: ok; experimental_h5_core_v1.json: ok,other
tests/canaries/parent_intake/README.md,keep,,external_contracts,high,README for live synthetic intake canary package beside run.py.,,,113,2026-09-26,tests/canaries/parent_intake/run.py: ok,other
tests/contracts/metazebrobot_consumers/README.md,keep,,external_contracts,high,Pin table for vendored MetaZebrobot consumer contract.,,,22,2026-10-06,"consumers.json, verify_consumers.py: ok",other
tests/fixtures/recording_transfer_v2/README.md,keep,,,high,Fixture README (fake-media warning) beside whole/rolling fixtures.,,,49,2026-09-26,"whole/, rolling/: ok",other
tests/fixtures/unified_h5_v1/README.md,keep,,,high,Fixture README for frozen synthetic H5 bytes.,,,35,2026-10-06,*.h5.gz.b64 fixtures: ok,other
